의료기관명,의료기관종별,의료기관주소(도로명),의료기관전화번호,진료과목
율제요양병원,요양병원(일반요양병원),"울산광역시 남구 중앙로 92, 지하1~지상10층 (신정동)",052-276-7000,한방내과 응급의학과 가정의학과 비뇨의학과 소아청소년과 산부인과 마취통증의학과 심장혈관흉부외과 신경외과 정형외과 외과 신경과 내과
새봄한방병원,한방병원,울산광역시 남구 중앙로 234 (신정동),052-260-9000,침구과 한방안·이비인후·피부과 한방소아과 한방부인과 한방내과 가정의학과
건강한윌병원,병원,"울산광역시 남구 중앙로 282, 5~11층 (신정동)",1833-2922,한방내과 가정의학과 영상의학과 신경과 내과
하이본병원,병원,"울산광역시 남구 돋질로 228, 2~7층 (달동)",052-701-6000,영상의학과 신경외과 정형외과 내과
당당한방병원,한방병원,"울산광역시 남구 삼산로 247, 마마파파엔베이비빌딩 (달동)",052-702-7777,침구과 사상체질과 한방재활의학과 한방신경정신과 한방안·이비인후·피부과 한방소아과 한방부인과 한방내과 재활의학과 영상의학과
자연뜰한방병원,한방병원,"울산광역시 남구 수암로 138, 9,11층 (야음동)",052-933-1075,가정의학과 한방내과 한방부인과 한방소아과 한방안·이비인후·피부과 한방신경정신과 한방재활의학과 사상체질과 침구과
노블레스요양병원,요양병원(일반요양병원),"울산광역시 남구 돋질로 277, 지하1층,지상1-8층 (삼산동)",052-712-1000,침구과 한방내과 가정의학과 재활의학과 정형외과 외과 신경과 내과
제니스병원,병원,"울산광역시 남구 번영로 160, 2~3, 5~10층 (달동)",052-274-2009,가정의학과 재활의학과 영상의학과 피부과 산부인과 성형외과 외과
좋은의사들안과병원,병원,"울산광역시 남구 삼산로 213, 웰빙메디타워 2~7, 10층 (달동)",052-276-3500,안과
의)우아의료재단 달동길메리요양병원,요양병원(일반요양병원),"울산광역시 남구 돋질로 146 (달동, 달동길메리요양병원)",052-996-0030,침구과 한방내과 가정의학과 재활의학과 마취통증의학과 신경외과 정형외과 외과 정신건강의학과 신경과 내과
삼호요양병원,요양병원(일반요양병원),"울산광역시 남구 북부순환도로 58, 1~7층 (무거동)",052-277-3001,침구과 가정의학과 비뇨의학과 피부과 산부인과 외과 신경과 내과
구인의료재단법인 오복요양병원,요양병원(일반요양병원),울산광역시 남구 두왕로 335 (신정동),052-266-5400,침구과 한방내과 가정의학과 신경과 내과
참바른병원,병원,"울산광역시 남구 삼산로 247, 2,10,11,12층 (달동)",1544-7544,가정의학과 영상의학과 마취통증의학과 신경외과 정형외과 외과 내과
서울아동병원,병원,"울산광역시 남구 북부순환도로 25, 지하1,2~6층 (무거동)",052-922-1100,가정의학과 피부과 소아청소년과 내과
좋은요양병원,요양병원(일반요양병원),"울산광역시 남구 남중로 132, 2~5층 (삼산동)",052-268-7007,내과 외과 정형외과 신경외과 한방내과 한방부인과 한방신경정신과 한방안·이비인후·피부과 침구과 사상체질과 한방소아과 한방재활의학과 한방응급과
의료법인 정안의료재단 중앙병원,종합병원,"울산광역시 남구 문수로 472, 중앙병원 (신정동)",052-226-1100,통합치의학과 응급의학과 직업환경의학과 가정의학과 재활의학과 병리과 영상의학과 비뇨의학과 소아청소년과 산부인과 마취통증의학과 신경외과 정형외과 외과 정신건강의학과 신경과 내과
의료법인 세연의료재단 무거연세요양병원,요양병원(일반요양병원),"울산광역시 남구 대학로 148, 2~7층 (무거동)",052-223-8866,침구과 사상체질과 한방재활의학과 한방신경정신과 한방안·이비인후·피부과 한방소아과 한방부인과 한방내과 가정의학과 재활의학과 정형외과 외과 신경과 내과
의료법인 은성의료재단 좋은삼정병원,종합병원,울산광역시 남구 북부순환도로 51 (무거동),052-220-7500,예방치과 가정의학과 진단검사의학과 영상의학과 소아청소년과 마취통증의학과 신경외과 정형외과 외과 신경과 내과
따사랑요양병원,요양병원(일반요양병원),"울산광역시 남구 봉월로 161, 2-5층 (신정동)",052-261-5567,침구과 사상체질과 한방재활의학과 한방신경정신과 한방안·이비인후·피부과 한방소아과 한방부인과 한방내과 내과
울산자생한방병원,한방병원,"울산광역시 남구 삼산로 51 (신정동, B1,1,3,5~7층)",052-701-3005,침구과 한방재활의학과 한방신경정신과 한방안·이비인후·피부과 한방부인과 한방내과 영상의학과
의료법인 득명의료재단 씨엘요양병원,요양병원(일반요양병원),"울산광역시 남구 수암로128번길 7, 씨엘요양병원 1~4층, 6층 (야음동)",052-242-1234,침구과 사상체질과 한방재활의학과 한방신경정신과 한방안·이비인후·피부과 한방부인과 한방내과 가정의학과 재활의학과 신경외과 정형외과 외과 신경과 내과
위드여성병원,병원,울산광역시 남구 남중로 123 (삼산동),052-915-8000,산부인과 가정의학과 소아청소년과 내과
한빛치과병원,치과병원,"울산광역시 남구 문수로 368, 5~8층 (옥동)",052-707-2875,통합치의학과 예방치과 구강병리과 영상치의학과 구강내과 치과보존과 치주과 소아치과 치과교정과 치과보철과 구강악안면외과
강남요양병원,요양병원(일반요양병원),울산광역시 남구 중앙로 187-1 (신정동),052-260-3525,내과 피부과 한방재활의학과 한방내과 침구과
울산미즈병원,병원,울산광역시 남구 남산로 2 (무거동),052-220-0100,내과 산부인과 소아청소년과 영상의학과 가정의학과
임요양병원,요양병원(일반요양병원),울산광역시 남구 삼산로 11 (신정동),052-273-7114,침구과 사상체질과 한방재활의학과 한방신경정신과 한방안·이비인후·피부과 한방소아과 한방부인과 한방내과 가정의학과 피부과 이비인후과 소아청소년과 내과
CK치과병원,치과병원,울산광역시 남구 삼산로 173 (달동),052-270-2800,치과보존과 치주과 치과교정과 치과보철과 구강악안면외과
국민요양병원,요양병원(일반요양병원),울산광역시 남구 번영로 15 (야음동),052-226-0100,내과 신경과 한방내과 마취통증의학과
성모요양병원,요양병원(일반요양병원),울산광역시 남구 돋질로 293 (삼산동),052-261-5033,한방신경정신과 산부인과 신경외과 신경과
울들병원,병원,"울산광역시 남구 중앙로 228, 2~10층 (신정동)",052-706-1111,가정의학과 영상의학과 마취통증의학과 심장혈관흉부외과 신경외과 정형외과 내과
동강한방병원,한방병원,울산광역시 남구 돋질로 80 (달동),052-241-3114,한방내과 한방부인과 한방재활의학과 사상체질과 침구과
하나이비인후과병원,병원,울산광역시 남구 삼산로 139 (달동),052-708-1111,이비인후과 마취통증의학과
새생명요양병원,요양병원(일반요양병원),울산광역시 남구 돋질로 84 (달동),052-276-9789,한방재활의학과 한방부인과 한방내과 재활의학과 피부과 마취통증의학과 신경과 내과
의료법인 청산의료재단 효원요양병원,요양병원(일반요양병원),울산광역시 남구 봉월로 155 (신정동),052-950-7500,침구과 한방안·이비인후·피부과 한방내과 재활의학과 신경외과 신경과 내과
(의)고담의료재단마더스병원,정신병원,울산광역시 남구 화합로 107 (달동),052-270-7000,가정의학과 영상의학과 정신건강의학과 신경과 내과
항사랑병원,병원,울산광역시 남구 번영로 92 (달동),052-269-0975,외과 내과 정형외과 비뇨의학과 소아청소년과 피부과 신경외과 마취통증의학과 가정의학과
중앙학문병원,병원,울산광역시 남구 삼산로 161 (달동),052-257-6565,외과 내과 정형외과 소아청소년과 비뇨의학과 피부과
의료법인동원의료재단강남동강병원,병원,울산광역시 남구 돋질로 80 (달동),052-241-3114,가정의학과 재활의학과 영상의학과 이비인후과 소아청소년과 산부인과 마취통증의학과 정신건강의학과 신경과 내과
에이치엠병원,병원,울산광역시 남구 중앙로167번길 26 (신정동),052-267-0075,가정의학과 영상의학과 산부인과 외과 내과
굿모닝병원,병원,울산광역시 남구 삼산로 110 (달동),052-259-9000,정형외과 외과 내과 마취통증의학과 영상의학과 성형외과 직업환경의학과 응급의학과 신경과 신경외과
(의)인석의료재단 보람병원,병원,울산광역시 남구 돋질로336번길 10 (삼산동),052-278-0114,진단검사의학과 영상의학과 소아청소년과 산부인과 마취통증의학과 외과 내과
울산병원,종합병원,울산광역시 남구 월평로171번길 13 (신정동),052-259-5000,치과 응급의학과 가정의학과 재활의학과 진단검사의학과 영상의학과 비뇨의학과 이비인후과 안과 소아청소년과 산부인과 마취통증의학과 심장혈관흉부외과 신경외과 정형외과 외과 정신건강의학과 신경과 내과
큰빛병원,정신병원,울산광역시 남구 문수로457번길 5 (신정동),052-272-2505,정신건강의학과
(의) 내경의료재단 울산제일병원,병원,울산광역시 남구 남산로354번길 26 (신정동),052-220-3300,영상의학과 비뇨의학과 피부과 마취통증의학과 성형외과 신경외과 정형외과 외과 신경과 내과
의)정우의료재단 더프라우병원,병원,울산광역시 남구 삼산중로 94 (삼산동),052-226-7114,영상의학과 산부인과 마취통증의학과 성형외과 신경외과 정형외과 내과
경희사랑한의원,한의원,"울산광역시 남구 번영로 113, 2층 (달동)",052-905-7588,침구과 사상체질과 한방재활의학과 한방신경정신과 한방안·이비인후·피부과 한방소아과 한방부인과 한방내과
스노우의원,의원,"울산광역시 남구 삼산로 274, 11층 (삼산동)",052-707-5200,피부과
리프톤피부과의원,의원,"울산광역시 남구 삼산로 254, 3층 (달동)",052-700-0555,피부과
더조은플란트치과의원,치과의원,"울산광역시 남구 중앙로 234, 2~3층 (신정동)",052-700-2829,예방치과 구강내과 치과보존과 치주과 치과보철과 구강악안면외과
제우스성형외과의원,의원,"울산광역시 남구 삼산로 287, 7층 (삼산동)",052-700-7782,성형외과
울산청맥외과의원,의원,"울산광역시 남구 삼산로 274, 15층 (삼산동)",052-266-2975,피부과 마취통증의학과 외과 내과
굿모닝빛안과의원,의원,"울산광역시 남구 삼산로 266, 굿모닝클리닉 2~3층 (삼산동)",052-707-2500,안과
수로한한의원,한의원,"울산광역시 남구 삼산로 175, 2층 (달동)",0507-1448-7596,침구과 사상체질과 한방재활의학과 한방신경정신과 한방안·이비인후·피부과 한방소아과 한방부인과 한방내과
하이윌치과의원,치과의원,"울산광역시 남구 중앙로 282, 2층 (신정동)",052-700-2300,예방치과 구강병리과 영상치의학과 구강내과 치과보존과 치주과 소아치과 치과보철과 구강악안면외과
서일하나로신경외과의원,의원,"울산광역시 남구 수암로 138, 5층층 501~3호 (야음동)",052-707-7511,재활의학과 마취통증의학과 신경외과 정형외과
푸른이비인후과의원,의원,"울산광역시 남구 문수로 406, 농협중앙회울주군지부 1층층 (신정동)",052-266-0777,응급의학과 가정의학과 병리과 피부과 이비인후과 안과 소아청소년과 마취통증의학과 외과 신경과 내과
정석외과의원,의원,"울산광역시 남구 삼산로 48, 연세메디컬빌딩 8층 (신정동)",052-272-8879,외과
뷰티민의원,의원,"울산광역시 남구 번영로 115, 경남은행 달동지점 6층 (달동)",052-268-9333,가정의학과 피부과
예쁨주의쁨의원,의원,"울산광역시 남구 삼산로 258, 지하1층, 2층 (달동)",052-257-9888,피부과
하루임플치과의원,치과의원,"울산광역시 남구 삼산로 266, 굿모닝클리닉 4층 (삼산동)",052-288-7520,통합치의학과 예방치과 구강병리과 영상치의학과 구강내과 치과보존과 치주과 소아치과 치과교정과 치과보철과 구강악안면외과
서울척재활의학과의원,의원,"울산광역시 남구 대학로131번길 4, 울산대 유파티오 131 3층 (무거동)",052-224-8885,재활의학과 소아청소년과 마취통증의학과 신경외과 정형외과
남울산 한의원,한의원,"울산광역시 남구 문수로 368, 3층 (옥동)",052-917-1010,침구과 사상체질과 한방재활의학과 한방신경정신과 한방안·이비인후·피부과 한방소아과 한방부인과 한방내과
플러스신경과의원,의원,"울산광역시 남구 수암로 138, 401~2호 (야음동)",052-276-7575,재활의학과 비뇨의학과 피부과 이비인후과 소아청소년과 신경외과 신경과 내과
프라우메디유반외과의원,의원,"울산광역시 남구 삼산중로 84, 201호 (삼산동)",052-260-0781,피부과 성형외과 외과
오늘정신건강의학과의원,의원,"울산광역시 남구 삼산로 281, 8층 (삼산동)",052-269-5579,정신건강의학과 신경과
베러미의원,의원,"울산광역시 남구 삼산로 266, 굿모닝클리닉 7층 (삼산동)",1660-1023,성형외과 피부과
엔브이성형외과의원(NV성형외과의원),의원,"울산광역시 남구 삼산로 287, 8-9층 (삼산동)",052-256-1711,피부과 이비인후과 성형외과 내과
바로그의원,의원,"울산광역시 남구 삼산로 287, 2,3층 (삼산동)",052-260-3323,피부과
좋은소아청소년과의원,의원,"울산광역시 남구 중앙로 234, 9~11층 (신정동)",052-276-2200,피부과 이비인후과 소아청소년과 내과
바른마음365치과의원,치과의원,"울산광역시 남구 삼산로 277, 5층 (삼산동)",052-256-3650,통합치의학과 예방치과 영상치의학과 구강내과 치과보존과 치주과 소아치과 치과교정과 치과보철과 구강악안면외과
김예진성장소아청소년과의원,의원,"울산광역시 남구 삼산로 287, 4층 (삼산동)",052-266-7588,소아청소년과
서울초이스내과의원,의원,"울산광역시 남구 문수로 376, 2층 (옥동)",052-933-0100,가정의학과 소아청소년과 내과
서울정신건강의학과의원,의원,"울산광역시 남구 삼산로 231, 울산 센트럴 자이 408ㅡ409호 (달동)",052-933-0250,정신건강의학과
해누리 정신건강의학과의원,의원,"울산광역시 남구 수암로 138, 701호 (야음동)",052-257-5793,정신건강의학과 신경과
주영여성의원,의원,"울산광역시 남구 삼산로 136, 4층 (달동)",052-700-7580,산부인과
한양연합재활의학과의원,의원,"울산광역시 남구 삼산로 243, 3층 (달동)",052-265-5824,재활의학과 마취통증의학과 신경외과 정형외과
울산하트내과의원,의원,"울산광역시 남구 수암로 130, 901호 (야음동)",052-700-3331,내과
경희차율한의원,한의원,"울산광역시 남구 삼산로 117, 4층 (달동)",052-256-5955,침구과 사상체질과 한방재활의학과 한방신경정신과 한방안·이비인후·피부과 한방소아과 한방부인과 한방내과
런던의오후치과의원,치과의원,"울산광역시 남구 문수로 482, 201호, 204호 (신정동, 대공원 코아루 파크베르)",052-912-2828,통합치의학과 예방치과 구강병리과 영상치의학과 구강내과 치과보존과 치주과 소아치과 치과교정과 치과보철과 구강악안면외과
에스재활의학과의원,의원,"울산광역시 남구 수암로 130, 2~3층 (야음동)",052-700-5288,재활의학과 마취통증의학과 신경외과 정형외과 신경과 내과
서울삼성정형외과의원,의원,"울산광역시 남구 삼산로 283, 소망빌딩 5층 (삼산동)",052-266-7975,가정의학과 재활의학과 마취통증의학과 신경외과 정형외과
류치과의원,치과의원,"울산광역시 남구 번영로 115, 경남은행 달동지점 6층 (달동)",052-707-2828,통합치의학과 예방치과 구강병리과 영상치의학과 구강내과 치과보존과 치주과 소아치과 치과보철과 구강악안면외과
전병찬신경외과의원,의원,"울산광역시 남구 돋질로 150, 1~2층 (달동)",052-977-0030,신경외과
아임한의원,한의원,"울산광역시 남구 문수로 339, 옥동업무시설 3층 (옥동)",052-700-0212,한방내과 한방부인과 한방소아과 한방안·이비인후·피부과 한방신경정신과 한방재활의학과 사상체질과 침구과
샤인빔의원,의원,"울산광역시 남구 삼산로 283, 소망빌딩 3층 (삼산동)",1644-2178,피부과
연세에스정형외과의원,의원,"울산광역시 남구 삼산로 48, 효천빌딩 4,5층 (신정동)",052-939-0001,정형외과 신경외과 재활의학과 마취통증의학과
올바른한의원,한의원,"울산광역시 남구 수암로 118-3, 3층 (신정동)",052-274-2233,한방내과 한방부인과 한방소아과 한방안·이비인후·피부과 한방신경정신과 한방재활의학과 사상체질과 침구과
공진한의원,한의원,"울산광역시 남구 돋질로 273-1, 1~2층 (삼산동)",052-227-1075,침구과 사상체질과 한방재활의학과 한방신경정신과 한방안·이비인후·피부과 한방소아과 한방부인과 한방내과
임윤섭성형외과의원,의원,"울산광역시 남구 울밀로 2906, 한솔애플타워 3층 302호 (무거동)",052-223-7900,성형외과
섬세한사랑니치과의원,치과의원,"울산광역시 남구 화합로 138, 7층 701호 (삼산동)",052-911-4822,구강병리과 영상치의학과 치주과 구강악안면외과
블리비의원,의원,"울산광역시 남구 삼산로 273, 삼산타워 10층 (삼산동)",1833-9011,피부과 성형외과
자연과 한의원 울산점,한의원,"울산광역시 남구 삼산로 287, 6층 (삼산동)",052-707-5168,침구과 사상체질과 한방재활의학과 한방신경정신과 한방안·이비인후·피부과 한방소아과 한방부인과 한방내과
송성환정신건강의학과의원,의원,"울산광역시 남구 삼산로 274, 5층 502호 (삼산동)",052-977-7888,정신건강의학과 신경과
한음 한방신경정신과 한의원,한의원,"울산광역시 남구 삼산로 254, S타워 17층 (달동)",052-716-0004,침구과 사상체질과 한방재활의학과 한방신경정신과 한방안·이비인후·피부과 한방소아과 한방부인과 한방내과
예스리더스의원,의원,"울산광역시 남구 삼산중로 65, 2층 (달동)",052-256-1800,피부과 성형외과
우리홈치과의원,치과의원,"울산광역시 남구 수암로 148, 삼성테스코홈플러스 울산남구점 3층 (야음동)",052-988-2875,통합치의학과 예방치과 구강병리과 영상치의학과 구강내과 치과보존과 치주과 소아치과 치과교정과 치과보철과 구강악안면외과
리더스마취통증의학과의원,의원,"울산광역시 남구 수암로 138, 타임스퀘어 3층 301~303호 (야음동)",052-912-7575,가정의학과 재활의학과 영상의학과 피부과 마취통증의학과 신경외과 정형외과
리더스치과의원,치과의원,"울산광역시 남구 수암로 138, 타임스퀘어 6층 604, 605호 (야음동)",052-975-2875,통합치의학과 예방치과 구강병리과 영상치의학과 구강내과 치과보존과 치주과 소아치과 치과교정과 치과보철과 구강악안면외과
우정정형외과의원,의원,"울산광역시 남구 삼산로 176, 신한금융투자울산지점 4, 5층 (달동)",052-700-7111,재활의학과 영상의학과 마취통증의학과 신경외과 정형외과 내과
편한제통의원,의원,"울산광역시 남구 북부순환도로 24, 2층 (무거동)",052-225-1555,이비인후과 마취통증의학과 내과
더맑은정신건강의학과의원,의원,"울산광역시 남구 삼산로 247, 마마파파엔베이비빌딩 13층 02호 (달동)",052-708-1313,정신건강의학과 신경과 내과
제이유의원,의원,"울산광역시 남구 문수로 377, 대공원센트럴하임더시티 3층 302,303호 (옥동)",052-271-7954,피부과 성형외과
다린흉부외과의원,의원,"울산광역시 남구 삼산로 171, 4층 (달동)",052-700-7010,심장혈관흉부외과
화인마취통증의학과의원,의원,"울산광역시 남구 삼산로 273, 삼산타워 601, 602호 (삼산동)",052-707-9131,가정의학과 재활의학과 마취통증의학과 신경외과 정형외과
지움의원,의원,"울산광역시 남구 수암로 130, 6층 (야음동)",052-700-2600,피부과
하나치과의원,치과의원,"울산광역시 남구 삼산로 130, 3층 (달동)",052-243-7045,통합치의학과 예방치과 구강병리과 영상치의학과 구강내과 치과보존과 치주과 소아치과 치과교정과 치과보철과 구강악안면외과
서울닥터스치과의원,치과의원,"울산광역시 남구 수암로 138, 4층 (야음동)",052-257-2080,통합치의학과 예방치과 영상치의학과 구강내과 치과보존과 치주과 소아치과 치과교정과 치과보철과 구강악안면외과
고든몸한의원,한의원,"울산광역시 남구 문수로 377, 대공원센트럴하임더시티 2층 201,202호 (옥동)",052-227-7510,침구과 한방재활의학과 한방신경정신과 한방안·이비인후·피부과 한방소아과 한방부인과 한방내과
우가주치과의원,치과의원,"울산광역시 남구 삼산로 175, 4,5,7층 (달동)",052-265-7548,통합치의학과 치과보존과 치주과 소아치과 치과교정과 치과보철과 구강악안면외과
허인정 산부인과의원,의원,"울산광역시 남구 삼산로 273, 삼산타워 12층 1201호 (삼산동)",052-256-0008,산부인과
드림연합치과의원,치과의원,"울산광역시 남구 삼산로 344, 2~3층 (삼산동)",052-260-8275,통합치의학과 예방치과 구강병리과 영상치의학과 구강내과 치과보존과 치주과 소아치과 치과교정과 치과보철과 구강악안면외과
울산바로치과의원,치과의원,"울산광역시 남구 화합로 152, 3층 (삼산동)",052-998-2885,통합치의학과 예방치과 구강병리과 영상치의학과 구강내과 치과보존과 치주과 소아치과 치과교정과 치과보철과 구강악안면외과
디지털365치과의원,치과의원,울산광역시 남구 화합로 203 (삼산동),052-710-5020,예방치과 구강병리과 영상치의학과 구강내과 치과보존과 치주과 소아치과 치과교정과 치과보철과 구강악안면외과
하이닥터 비뇨의학과 의원,의원,"울산광역시 남구 삼산로 245, 12층 (달동)",052-227-5670,비뇨의학과
아이유치과교정과치과의원,치과의원,"울산광역시 남구 삼산중로74번길 30-1, 3~7층 (삼산동)",052-966-2875,통합치의학과 예방치과 구강병리과 영상치의학과 구강내과 치과보존과 치주과 소아치과 치과교정과 치과보철과 구강악안면외과
바른맥흉부외과의원,의원,"울산광역시 남구 삼산로 231, 울산 센트럴 자이 4층 411호 (달동)",052-267-7500,가정의학과 결핵과 재활의학과 영상의학과 비뇨의학과 피부과 이비인후과 소아청소년과 마취통증의학과 성형외과 심장혈관흉부외과 신경외과 정형외과 외과 정신건강의학과 신경과 내과
최승호 신경과의원,의원,"울산광역시 남구 삼산로 273, 삼산타워 9층 (삼산동)",052-260-0300,신경과
이세움 치과의원,치과의원,"울산광역시 남구 삼산로 260, 7층 (삼산동)",052-227-2885,통합치의학과 예방치과 구강병리과 영상치의학과 구강내과 치과보존과 치주과 소아치과 치과교정과 치과보철과 구강악안면외과
윤이비인후과의원,의원,"울산광역시 남구 대학로 141, 2층 (무거동)",052-223-8787,피부과 이비인후과 안과 소아청소년과 내과
센트럴치과의원,치과의원,"울산광역시 남구 문수로 377, 대공원센트럴하임더시티 3층 301호 (옥동)",052-931-2000,구강악안면외과 치과보철과 치과교정과 소아치과 치주과 치과보존과 구강내과 영상치의학과 구강병리과 예방치과 통합치의학과
타임치과의원,치과의원,"울산광역시 남구 돋질로302번길 27, 4층 (삼산동)",052-266-4674,예방치과 영상치의학과 구강내과 치과보존과 치주과 소아치과 치과보철과 구강악안면외과
라임한의원,한의원,"울산광역시 남구 북부순환도로 11, 3층 (무거동)",052-972-7582,침구과 사상체질과 한방재활의학과 한방신경정신과 한방안·이비인후·피부과 한방소아과 한방부인과 한방내과
라임의원,의원,"울산광역시 남구 북부순환도로 11, 3층 (무거동)",052-972-7582,피부과
배양규비뇨의학과의원,의원,"울산광역시 남구 삼산로 171, 2,3층 (달동)",052-260-6000,가정의학과 재활의학과 비뇨의학과 피부과 이비인후과 소아청소년과 마취통증의학과 성형외과 신경외과 정형외과 외과 정신건강의학과 신경과 내과
바른선정형외과의원,의원,"울산광역시 남구 문수로 377, 대공원센트럴하임더시티 3층 (옥동)",052-716-1175,가정의학과 재활의학과 영상의학과 비뇨의학과 피부과 소아청소년과 마취통증의학과 심장혈관흉부외과 신경외과 정형외과 외과 내과
굿모닝생생한의원,한의원,"울산광역시 남구 수암로149번길 9, 101동 102호 (야음동, 대하미르빌주상복합아파트)",052-269-1212,침구과 한방신경정신과 한방안·이비인후·피부과 한방소아과 한방부인과 한방내과
김정수치과의원,치과의원,"울산광역시 남구 삼산중로100번길 20, 4층 (삼산동)",052-933-2875,예방치과 구강병리과 영상치의학과 구강내과 치과보존과 치주과 소아치과 치과교정과 치과보철과 구강악안면외과
이좋은치과의원,치과의원,"울산광역시 남구 삼산로 254, 7층 (달동)",052-266-2833,예방치과 영상치의학과 구강내과 치과보존과 치주과 소아치과 치과보철과 구강악안면외과
유명한의원,한의원,"울산광역시 남구 수암로 114, 3층 (신정동)",052-257-0078,한방내과 한방부인과 한방소아과 한방안·이비인후·피부과 한방신경정신과 한방재활의학과 사상체질과 침구과
푸른정형외과의원,의원,"울산광역시 남구 삼산로 171, 5,6층 (달동)",052-244-5500,정형외과
미앤미의원,의원,"울산광역시 남구 삼산로 287, 5층 (삼산동)",052-276-1175,피부과 성형외과
맑은이비인후과의원,의원,"울산광역시 남구 삼산로 269, 6층 (삼산동)",052-298-3500,이비인후과 소아청소년과
홍윤표한의원,한의원,"울산광역시 남구 번영로 115, 경남은행 달동지점 3층 (달동)",052-258-1075,침구과 한방신경정신과 한방안·이비인후·피부과 한방소아과 한방부인과 한방내과
밀크피부과의원,의원,"울산광역시 남구 삼산로 270, 삼산동 Kim's빌딩 5층 (삼산동)",052-258-9997,피부과
시민건강의원,의원,"울산광역시 남구 북부순환도로 48, 4,7층 (무거동)",052-221-0675,신경과
닥터디자이너의원,의원,"울산광역시 남구 삼산로 253, KB증권울산사옥 4층 (달동)",052-257-6888,피부과 성형외과
하나마취통증의학과의원,의원,"울산광역시 남구 중앙로 14, 덕산프라자 2층 (야음동)",052-260-2022,가정의학과 피부과 마취통증의학과 정형외과 내과
강상현내과의원,의원,"울산광역시 남구 삼산로 216, 2층 (달동)",052-716-1152,내과
경희자연치과의원,치과의원,"울산광역시 남구 삼산로 272, 8층 (삼산동)",052-707-2882,통합치의학과 예방치과 치과보존과 치주과 소아치과 치과보철과 구강악안면외과
바른진치과의원,치과의원,"울산광역시 남구 문수로 329, 2층 (옥동)",052-201-2875,예방치과 구강병리과 영상치의학과 구강내과 치과보존과 치주과 소아치과 치과교정과 치과보철과 구강악안면외과
최내과의원,의원,"울산광역시 남구 월평로 9, 5층 (신정동, 대교메디컬)",052-269-7588,내과
세안안과의원,의원,"울산광역시 남구 문수로 339 (옥동, 옥동업무시설)",052-275-1175,안과
건강한 치과의원,치과의원,"울산광역시 남구 문수로 406, 3층 (신정동, 농협중앙회울주군지부)",052-267-2275,통합치의학과 예방치과 구강병리과 영상치의학과 구강내과 치과보존과 치주과 소아치과 치과교정과 치과보철과 구강악안면외과
편안몸한의원,한의원,"울산광역시 남구 수암로128번길 7, 나동 3층 301호 (야음동, 그린레포츠)",052-256-8075,한방내과 한방부인과 한방소아과 한방안·이비인후·피부과 한방신경정신과 한방재활의학과 사상체질과 침구과
울산비비성형외과의원,의원,"울산광역시 남구 삼산로 254, 16층 (달동, S타워)",052-257-5432,성형외과
눈의꽃성형외과의원,의원,"울산광역시 남구 삼산로 270, 8층 (삼산동, 삼산동 Kim s빌딩)",052-258-3111,성형외과
큰뿌리치과의원,치과의원,"울산광역시 남구 신정로 39, 4층 (달동)",052-228-2828,예방치과 구강병리과 영상치의학과 구강내과 치과보존과 치주과 소아치과 치과교정과 치과보철과 구강악안면외과
앞선소아청소년과의원,의원,"울산광역시 남구 수암로 130, 7층 (야음동, 메디어스빌딩)",052-244-7700,이비인후과 소아청소년과 내과
다온소아청소년과의원,의원,"울산광역시 남구 수암로 132, 7~8층 (야음동)",052-716-7071,피부과 이비인후과 소아청소년과 내과
화사한외과의원,의원,"울산광역시 남구 삼산로 100, 3,5,6,7층 (달동)",052-716-1192,외과
수암연합의원,의원,울산광역시 남구 수암로 132 (야음동),052-272-0075,신경과 정형외과 신경외과 마취통증의학과 재활의학과
심플치과의원,치과의원,"울산광역시 남구 삼산로 247 (달동, 마마파파엔베이비빌딩)",052-716-1038,통합치의학과 예방치과 영상치의학과 구강내과 치과보존과 치주과 소아치과 치과교정과 치과보철과 구강악안면외과
황명수한의원,한의원,울산광역시 남구 중앙로 251 (신정동),052-271-8875,사상체질과 한방재활의학과 한방신경정신과 한방안·이비인후·피부과 한방소아과 한방부인과 한방내과
신정동권샘내과의원,의원,"울산광역시 남구 중앙로 263, 3층 (신정동)",052-922-2467,이비인후과 소아청소년과 외과 내과
동부사랑의원,의원,"울산광역시 남구 수암로 134, 일중학원 2층 202호 (야음동)",052-271-1498,마취통증의학과 정신건강의학과 내과
다산한의원,한의원,"울산광역시 남구 삼산로 136, 3층 (달동)",052-276-1075,한방내과 한방부인과 한방소아과 한방안·이비인후·피부과 한방재활의학과 침구과
이드림치과의원,치과의원,"울산광역시 남구 삼산로 277 (삼산동, 태진빌딩)",052-266-1177,예방치과 구강병리과 영상치의학과 구강내과 치과보존과 치주과 소아치과 치과교정과 치과보철과 구강악안면외과
강남마취통증의학과의원,의원,"울산광역시 남구 삼산로 26, 2층 201호 (신정동, 공업탑 하트랜드)",052-927-7582,가정의학과 재활의학과 마취통증의학과 신경외과 정형외과 내과
비너스외과의원,의원,"울산광역시 남구 삼산로 216, 5,6,11층 (달동)",052-716-0075,외과 내과
소정마취통증의학과의원,의원,"울산광역시 남구 삼산로 266, 12층 (삼산동, 굿모닝클리닉)",052-716-2333,가정의학과 피부과 이비인후과 마취통증의학과 정형외과 내과
메이린의원울산점,의원,"울산광역시 남구 삼산로 261, 13층 (삼산동, 현대백화점)",052-228-1388,성형외과 피부과
전용진정형외과의원,의원,"울산광역시 남구 삼산로 266, 5층 (삼산동, 굿모닝클리닉)",052-260-0504,재활의학과 마취통증의학과 신경외과 정형외과
제일한의원,한의원,"울산광역시 남구 팔등로 86-1, 3층 (신정동)",052-257-1275,침구과 사상체질과 한방재활의학과 한방신경정신과 한방안·이비인후·피부과 한방소아과 한방부인과 한방내과
조은턱치과의원,치과의원,"울산광역시 남구 삼산로 216, 4층 (달동)",052-716-1028,예방치과 구강병리과 영상치의학과 구강내과 치과보존과 치주과 소아치과 치과교정과 치과보철과 구강악안면외과
서울정형외과의원,의원,"울산광역시 남구 굴화4길 1, 2층 (무거동)",052-224-2157,재활의학과 영상의학과 신경외과 정형외과 내과
울들치과의원,치과의원,"울산광역시 남구 중앙로 228, 1층 (신정동)",052-289-2875,통합치의학과 예방치과 구강병리과 영상치의학과 구강내과 치과보존과 치주과 소아치과 치과교정과 치과보철과 구강악안면외과
더조은안과의원,의원,"울산광역시 남구 수암로 130, 4층 (야음동)",052-716-7075,안과
미올한의원,한의원,"울산광역시 남구 삼산로 283, 8층 (삼산동, 소망빌딩)",052-275-1075,한방내과 한방부인과 한방소아과 한방안·이비인후·피부과 한방신경정신과 한방재활의학과 사상체질과 침구과 한방응급과
바로정형외과의원,의원,"울산광역시 남구 중앙로 173, 1,2,3,4층 (신정동)",052-707-0085,가정의학과 재활의학과 마취통증의학과 신경외과 정형외과
울산부부치과의원,치과의원,"울산광역시 남구 수암로 220, 4층 (야음동, 명신빌딩)",052-922-2875,예방치과 구강병리과 영상치의학과 구강내과 치과보존과 치주과 소아치과 치과교정과 치과보철과 구강악안면외과
울산베스트피부과의원,의원,"울산광역시 남구 대학로 138, 2층 (무거동, 신정빌딩)",052-225-1750,피부과
삼성한의원,한의원,"울산광역시 남구 중앙로 255, 1동 2층 (신정동)",052-245-4001,한방응급과 침구과 사상체질과 한방재활의학과 한방신경정신과 한방안·이비인후·피부과 한방소아과 한방부인과 한방내과
동해정신건강의학과의원,의원,"울산광역시 남구 중앙로 239, 4층 (신정동)",052-261-1020,정신건강의학과 신경과
울산제일안과의원,의원,"울산광역시 남구 중앙로 243-1, 6층 (신정동, 세보메디컬빌딩)",052-261-7591,안과
자이삼성치과의원,치과의원,"울산광역시 남구 삼산로 231, 4층 404~406호 (달동, 울산센트럴자이)",052-716-7214,예방치과 구강병리과 영상치의학과 구강내과 치과보존과 치주과 소아치과 치과교정과 치과보철과 구강악안면외과
디데이의원,의원,"울산광역시 남구 삼산로 231, 410호 (달동, 울산센트럴자이)",052-716-5006,피부과 성형외과
야음앞선치과의원,치과의원,"울산광역시 남구 수암로 130, 5층 (야음동)",052-272-2879,예방치과 구강병리과 영상치의학과 구강내과 치과보존과 치주과 소아치과 치과교정과 치과보철과 구강악안면외과
달빛여성의원,의원,울산광역시 남구 삼산로267번길 8 (삼산동),052-910-2221,가정의학과 비뇨의학과 산부인과
서울락치과의원,치과의원,"울산광역시 남구 삼산로 274, 4층 402호 (삼산동)",052-287-2828,예방치과 구강병리과 영상치의학과 구강내과 치과보존과 치주과 소아치과 치과교정과 치과보철과 구강악안면외과 치과
제이앤디(J&D)복이치과의원,치과의원,"울산광역시 남구 북부순환도로 17, 1511~1512호 (무거동, 남운프라자)",052-246-2828,예방치과 구강내과 치과보존과 치주과 소아치과 치과교정과 치과보철과
해율한의원,한의원,울산광역시 남구 삼산중로 69 (달동),052-227-5455,한방응급과 침구과 사상체질과 한방재활의학과 한방신경정신과 한방안·이비인후·피부과 한방소아과 한방부인과 한방내과
아우라의원,의원,"울산광역시 남구 삼산로 275, 6층 (삼산동)",052-265-1122,성형외과 피부과 가정의학과
더플러스치과의원,치과의원,"울산광역시 남구 수암로128번길 7, 나동 2층 (야음동, 그린레포츠)",052-267-7528,예방치과 구강내과 치과보존과 치주과 소아치과 치과보철과 구강악안면외과
자임부부한의원,한의원,"울산광역시 남구 돋질로 337-1, 1층 (삼산동)",052-268-0012,한방내과 한방부인과 한방소아과 한방안·이비인후·피부과 한방신경정신과 한방재활의학과 사상체질과 침구과 한방응급과
현대연합의원,의원,"울산광역시 남구 대학로147번길 41-42, 2층 (무거동, 경남은행 무거동지점)",052-223-5130,내과 소아청소년과 이비인후과 마취통증의학과 정형외과 신경외과 피부과 비뇨의학과 산부인과 정신건강의학과 신경과 외과
리더스서울안과의원,의원,"울산광역시 남구 삼산로 269, 4층 (삼산동, 탑텐클리닉빌딩)",052-260-3301,안과
에스마리의원,의원,"울산광역시 남구 문수로 331, 6층 (옥동)",052-256-3818,피부과 성형외과
울산내과의원,의원,"울산광역시 남구 중앙로 173, 5,6층 (신정동)",052-227-7520,내과 소아청소년과 외과 이비인후과 비뇨의학과 피부과 병리과 영상의학과
SC주미안피부과의원,의원,"울산광역시 남구 수암로 132, 3,5층 (야음동)",052-269-0880,피부과 성형외과
뮤즈의원,의원,"울산광역시 남구 삼산로277번길 8, 4층 (삼산동)",052-257-3375,피부과 성형외과
영치과의원,치과의원,"울산광역시 남구 수암로 132, 6층 (야음동)",052-716-2776,치과
서울척척마취통증의학과의원,의원,"울산광역시 남구 중앙로 243-1, 2층 (신정동)",052-265-7588,마취통증의학과 신경외과 정형외과 내과 재활의학과
강남엘케이성형외과의원(강남LK성형외과의원),의원,"울산광역시 남구 삼산로 274, 2층 (삼산동)",052-267-2110,성형외과 피부과
더바른치과교정과치과의원,치과의원,"울산광역시 남구 삼산로267번길 8, 4층 (삼산동)",052-269-2885,치과교정과
지성한의원,한의원,"울산광역시 남구 동산로 62, 2층 (신정동)",052-268-7518,한방내과 한방부인과 한방소아과 한방재활의학과 침구과 한방신경정신과 한방안·이비인후·피부과 사상체질과 한방응급과
아이온의원,의원,"울산광역시 남구 삼산중로 65, 5층 (달동)",052-275-5333,가정의학과 피부과 성형외과 정형외과 내과
최정미소아청소년과의원,의원,"울산광역시 남구 삼산중로 86, 4, 5층 (삼산동)",052-922-6848,소아청소년과 내과 이비인후과 피부과
위너치과의원,치과의원,"울산광역시 남구 월평로 23, 3층 (신정동)",052-268-2875,구강악안면외과 치과보철과 소아치과 치주과 치과보존과 구강내과 영상치의학과 예방치과 통합치의학과
서울고른이치과교정과치과의원,치과의원,"울산광역시 남구 삼산로 270, 3층 (삼산동)",052-232-2804,치과 치과교정과
가이드치과의원,치과의원,"울산광역시 남구 삼산로267번길 6-15, 3층 (삼산동)",052-913-2275,구강악안면외과 치과보철과 치과교정과 소아치과 치주과 치과보존과 구강내과 영상치의학과 구강병리과 예방치과 통합치의학과
바른몸재활의학과의원,의원,"울산광역시 남구 울밀로 2906, 한솔애플타워 6~7층 601, 702호 (무거동)",052-225-8875,재활의학과 마취통증의학과
튼튼한치과의원,치과의원,"울산광역시 남구 북부순환도로 52, 2층 (무거동)",052-265-2244,예방치과 구강병리과 영상치의학과 구강내과 치과보존과 치주과 소아치과 치과교정과 치과보철과 구강악안면외과
원정신건강의학과의원,의원,울산광역시 남구 북부순환도로 24 (무거동),052-249-8070,정신건강의학과 신경과
하이맨비뇨기과의원,의원,"울산광역시 남구 삼산로 277, 7층 (삼산동)",052-275-1110,피부과 비뇨의학과
제스필의원,의원,"울산광역시 남구 삼산로 281, 7층 (삼산동, 정앤정클리닉빌딩)",052-933-7227,피부과 성형외과
서울에이치피부과의원,의원,"울산광역시 남구 삼산중로74번길 11, 2~3층 (삼산동)",052-268-9928,피부과 가정의학과 내과 소아청소년과
이솔한의원,한의원,"울산광역시 남구 동산로 70, 2층 (신정동)",052-710-3370,한방내과 한방안·이비인후·피부과 사상체질과 한방부인과 한방신경정신과 침구과 한방소아과 한방재활의학과 한방응급과
센텀쁘띠클리닉의원,의원,"울산광역시 남구 울밀로 2906, 5층 502호 (무거동)",052-277-3008,외과 성형외과 피부과 가정의학과
참치과의원,치과의원,"울산광역시 남구 삼산로 287, 12,13층 (삼산동)",052-260-2879,통합치의학과 예방치과 치과보존과 치주과 소아치과 치과교정과 치과보철과 구강악안면외과
애플의원,의원,"울산광역시 남구 삼산로 17, 4층 (신정동, 애플타워)",052-256-1975,피부과
센텀정형외과의원,의원,"울산광역시 남구 삼산로 260, 5층 (삼산동, 주연클리닉빌딩)",052-251-8575,정형외과 신경외과 마취통증의학과 재활의학과
문상원치과의원,치과의원,"울산광역시 남구 울밀로 2906, 4층 402호 (무거동)",052-222-7528,치과
최진욱치과의원,치과의원,"울산광역시 남구 신정로 33, 2층 (달동, 경서빌딩)",052-257-2812,치과보철과
아주재활의학과의원,의원,"울산광역시 남구 돋질로 369, 3-4층 (삼산동)",052-297-7475,가정의학과 재활의학과 마취통증의학과 정형외과
편안한치과의원,치과의원,"울산광역시 남구 삼산로 17, 3층 (신정동)",052-938-2875,치과 통합치의학과
울산탑정형외과의원,의원,"울산광역시 남구 수암로 130, 8층 (야음동)",052-256-7533,정형외과 신경외과 마취통증의학과 재활의학과
득원치과의원,치과의원,"울산광역시 남구 문수로 403, 4층 (신정동)",052-265-6401,치과
르본의원,의원,"울산광역시 남구 삼산중로74번길 6, 4층 (삼산동)",052-267-8655,외과 성형외과 피부과
라엘라의원,의원,"울산광역시 남구 삼산로 274, 7층 (삼산동)",052-269-5114,피부과
인애한의원,한의원,"울산광역시 남구 수암로 134, 5층 (야음동)",052-268-1157,침구과 사상체질과 한방재활의학과 한방신경정신과 한방안·이비인후·피부과 한방소아과 한방부인과 한방내과
오즈소아청소년과의원,의원,"울산광역시 남구 삼산로278번길 8, 5층 (삼산동)",052-271-1400,소아청소년과 내과 이비인후과
프리허그한의원,한의원,"울산광역시 남구 삼산로267번길 6-16, 6층 (삼산동, 현은빌딩)",052-269-8269,한방내과 한방부인과 한방소아과 한방안·이비인후·피부과 한방신경정신과 침구과
함소아한의원,한의원,"울산광역시 남구 삼산로278번길 8, 3층 (삼산동)",052-271-1075,한방내과
송이비인후과의원,의원,"울산광역시 남구 수암로 134, 2층 (야음동)",052-716-0850,소아청소년과 이비인후과 내과 안과
길맨의원,의원,"울산광역시 남구 삼산로 283, 8층 (삼산동, 소망빌딩)",052-261-0807,비뇨의학과 피부과 외과 소아청소년과
미소마음정신건강의학과의원,의원,"울산광역시 남구 삼산로 266, 굿모닝클리닉 13층 1301호 (삼산동)",052-266-5575,정신건강의학과 신경과
새울산정형외과의원,의원,"울산광역시 남구 수암로 42, 2, 4층 (신정동)",052-276-9787,정형외과 재활의학과 마취통증의학과 신경외과
울산터의원,의원,"울산광역시 남구 수암로 273, 울산티이오빌딩 3층 (야음동)",052-716-2500,직업환경의학과 내과 정형외과 신경외과 진단검사의학과
숲한의원,한의원,"울산광역시 남구 대공원로 241 (신정동, 대공원코오롱파크폴리스)",052-261-1052,침구과 한방신경정신과 한방안·이비인후·피부과 한방소아과 한방부인과 한방내과
서울아산내과의원,의원,"울산광역시 남구 삼산로 272, 3층 301호 (삼산동)",052-267-6961,내과
드림메디의원,의원,"울산광역시 남구 문수로335번길 6, 3층 (옥동, 길상빌딩)",052-267-8881,가정의학과 소아청소년과 내과 피부과
바른정백외과의원,의원,"울산광역시 남구 삼산로 281, 9층 (삼산동, 정앤정크리닉빌딩)",052-273-1717,외과 내과 소아청소년과
이준호내과의원,의원,"울산광역시 남구 삼산로278번길 8, 4층 (삼산동)",052-911-3300,내과 비뇨의학과 피부과 소아청소년과
속튼튼김내과의원,의원,"울산광역시 남구 수암로 134, 7층 (야음동)",052-911-2200,내과 피부과 가정의학과 비뇨의학과
명인당한의원,한의원,"울산광역시 남구 두왕로190번길 16, 2층 (선암동)",052-261-0540,한방내과 한방부인과 한방소아과 한방안·이비인후·피부과 한방신경정신과 한방재활의학과 사상체질과 침구과
턱편한세민치과의원,치과의원,"울산광역시 남구 삼산로 274, 13층 1302호 (삼산동)",052-285-2875,구강내과
울산아이누리한의원,한의원,"울산광역시 남구 삼산로 272, 7층 (삼산동, 프리던스빌딩)",052-225-1075,침구과 한방신경정신과 한방안·이비인후·피부과 한방소아과 한방부인과 한방내과
해성한의원,한의원,"울산광역시 남구 수암로 132, 3층 (야음동)",052-268-8830,침구과 사상체질과 한방재활의학과 한방신경정신과 한방안·이비인후·피부과 한방소아과 한방부인과 한방내과
윤마취통증의학과의원,의원,"울산광역시 남구 삼산로 179, 2~3층 (달동, 영빌딩)",052-256-5779,마취통증의학과 정형외과 신경외과
노바치과의원,치과의원,"울산광역시 남구 삼산로 270, 6층 (삼산동, 킴스빌딩)",052-269-2822,치과
청담치과의원,치과의원,"울산광역시 남구 삼산로278번길 8, 8층 (삼산동, LJ타워)",052-700-2874,치과보철과 소아치과 치주과 치과보존과 구강내과 영상치의학과 예방치과 통합치의학과
주연의원,의원,"울산광역시 남구 삼산로 260, 2 6층일부층 (삼산동)",052-243-2030,성형외과 피부과 정신건강의학과 가정의학과
토토소아치과치과의원,치과의원,"울산광역시 남구 삼산로 251, 2층 (달동)",052-211-1275,소아치과
오케이마취통증의학과의원,의원,"울산광역시 남구 수암로 230, 401호 (야음동)",052-256-0200,마취통증의학과 정형외과 신경외과 재활의학과
엘리스의원,의원,"울산광역시 남구 돋질로302번길 35, 3, 4층 (삼산동)",052-268-1205,피부과 내과
이영암내과의원,의원,"울산광역시 남구 삼산로 51, 4층 (신정동)",052-716-0007,내과
신종호치과의원,치과의원,"울산광역시 남구 중앙로 243-1, 7층 (신정동)",052-266-2895,통합치의학과
바른이치과교정과치과의원,치과의원,"울산광역시 남구 삼산로 303, 103동 4층 421호 (삼산동, 대성스카이렉스)",052-256-2885,소아치과 치과교정과
SM치과의원,치과의원,"울산광역시 남구 삼산로 136, 3층 (달동)",052-227-7528,치과
수마취통증의학과의원,의원,"울산광역시 남구 대학로 136, 3층 (무거동)",052-222-4688,마취통증의학과 정형외과 신경외과 내과 재활의학과
미라인의원,의원,"울산광역시 남구 수암로 134, 일중학원 4,5층 (야음동)",052-994-8275,피부과 성형외과
눈높이안과의원,의원,울산광역시 남구 삼산로 130 (달동),052-700-7582,안과
프란트치과의원,치과의원,"울산광역시 남구 중앙로290번길 30, 2층 (신정동)",052-708-2875,치과
지아이연합내과의원,의원,"울산광역시 남구 중앙로 243-1, 5, 8층 (신정동)",052-256-7253,내과 소아청소년과 이비인후과 피부과
미소모아치과의원,치과의원,울산광역시 남구 돋질로302번길 31 (삼산동),052-261-0875,통합치의학과 예방치과 구강병리과 영상치의학과 구강내과 치과보존과 치주과 소아치과 치과교정과 치과보철과 구강악안면외과
자연한의원,한의원,"울산광역시 남구 문수로 362, 1층 (옥동, 옥동디아채주상복합아파트)",052-266-1075,한방내과 한방안·이비인후·피부과 사상체질과 한방부인과 한방신경정신과 침구과 한방소아과 한방재활의학과
미소드림의원,의원,"울산광역시 남구 돋질로302번길 31, 4층 (삼산동)",052-265-1469,성형외과 피부과
서울바른치과교정과치과의원,치과의원,"울산광역시 남구 삼산로 273, 401호 (삼산동, 삼산타워)",052-266-8528,치과 치과교정과
울산BS치과교정과치과의원,치과의원,"울산광역시 남구 삼산로 254, 8층 (달동)",052-265-2885,치과
BB성형외과의원,의원,"울산광역시 남구 삼산로 254, 15층 (달동)",1544-5432,성형외과
이플랜치과의원,치과의원,"울산광역시 남구 삼산중로 98, 201호 (삼산동)",052-245-2870,치과
오복한의원,한의원,"울산광역시 남구 삼산중로 67, 4층 (달동)",,한방내과 한방부인과 한방소아과 한방안·이비인후·피부과 한방신경정신과 한방재활의학과 사상체질과 침구과
새빛치과의원,치과의원,"울산광역시 남구 신정로 25, 새빛치과 2,3층 (달동)",,구강악안면외과 치과보철과 소아치과 치주과 치과보존과 구강내과 영상치의학과 예방치과 통합치의학과
르네상스의원,의원,"울산광역시 남구 대공원로 241, 301,302,312,313호 (신정동, 대공원코오롱파크폴리스상가)",052-716-1249,가정의학과 피부과
대향학문의원,의원,"울산광역시 남구 삼산로 283, 6층 (삼산동, 소망빌딩)",052-258-4744,내과 외과 정형외과 소아청소년과
이창훈정신건강의학과의원,의원,"울산광역시 남구 대공원로 241, 4층 401호 (신정동, 대공원코오롱파크폴리스)",052-265-2051,정신건강의학과
김재홍정신건강의학과의원,의원,"울산광역시 남구 삼산로 272, 201호 (삼산동, 프리던스빌딩)",052-227-8664,정신건강의학과
다이즐한의원,한의원,"울산광역시 남구 삼산중로 56, 5층 (삼산동)",052-258-8277,한방내과 한방안·이비인후·피부과 사상체질과 한방부인과 한방신경정신과 침구과 한방소아과 한방재활의학과
서울정치과의원,치과의원,"울산광역시 남구 문수로 362, 101동 101호 (옥동, 옥동디아채주상복합아파트)",052-274-2879,예방치과 구강병리과 영상치의학과 구강내과 치과보존과 치주과 소아치과 치과교정과 치과보철과 구강악안면외과
라마르의원,의원,"울산광역시 남구 삼산로 251, 2층 (달동)",052-260-1310,피부과 성형외과
조인트한의원,한의원,"울산광역시 남구 수암로 113, 5층 (신정동)",052-258-7596,한방내과 한방안·이비인후·피부과 사상체질과 한방부인과 한방신경정신과 침구과 한방소아과 한방재활의학과
민 한의원,한의원,"울산광역시 남구 대학로 159, 2층 (무거동)",052-222-1300,한방내과 한방부인과 한방소아과 한방안·이비인후·피부과 한방신경정신과 한방재활의학과 사상체질과 침구과
유디무거치과의원,치과의원,"울산광역시 남구 대학로 152, 9층 (무거동)",052-222-6226,예방치과 구강내과 치과보존과 치주과 소아치과 치과보철과 구강악안면외과
서울탑치과의원,치과의원,"울산광역시 남구 삼산로 243, 5층 (달동)",052-911-2875,예방치과 구강병리과 영상치의학과 구강내과 치과보존과 치주과 소아치과 치과교정과 치과보철과 구강악안면외과
제밀치과의원,치과의원,"울산광역시 남구 대학로 128, 401호 (무거동)",052-249-2822,치과
발머스한의원,한의원,"울산광역시 남구 번영로 174 (달동,301호)",052-261-3020,한방내과 한방안·이비인후·피부과 사상체질과 침구과 한방신경정신과 한방부인과 한방소아과 한방재활의학과
김성희산부인과의원,의원,"울산광역시 남구 삼산로 283, 7층 (삼산동)",052-227-3606,산부인과 가정의학과
남종진다모의원,의원,"울산광역시 남구 북부순환도로 11, 4층 (무거동)",052-224-0085,외과 피부과
엠케이치과의원,치과의원,"울산광역시 남구 삼산로 24, 프라자빌딩 4층 (신정동)",052-266-2121,통합치의학과 영상치의학과 구강내과 치과보존과 치주과 소아치과 치과교정과 치과보철과 구강악안면외과
하늘마음한의원,한의원,울산광역시 남구 삼산로 273 (삼산동),052-269-8646,한방내과 한방부인과 한방소아과 한방안·이비인후·피부과 한방신경정신과 한방재활의학과 사상체질과 침구과
유디치과의원,치과의원,"울산광역시 남구 삼산로267번길 6-6, 2,3층 (삼산동)",,구강악안면외과 치과보철과 소아치과 치주과 치과보존과 구강내과 영상치의학과 구강병리과 예방치과 통합치의학과
좋은산부인과의원,의원,"울산광역시 남구 삼산로278번길 8, 3층 (삼산동)",052-261-1275,산부인과 피부과
속편한내과의원,의원,"울산광역시 남구 삼산로 281, 3, 4층 (삼산동)",052-256-6336,내과 소아청소년과 신경과 이비인후과 영상의학과 비뇨의학과 병리과 피부과 결핵과
따뜻한치과의원,치과의원,"울산광역시 남구 중앙로 263, 4층 (신정동)",052-227-2825,치과
신세계성형외과의원,의원,"울산광역시 남구 삼산로267번길 6-10, 4층 (삼산동)",052-269-7070,가정의학과 피부과 성형외과
소담치과의원,치과의원,"울산광역시 남구 수암로 129, 2층 (야음동)",,구강악안면외과 치과보철과 소아치과 치주과 치과보존과 구강내과 영상치의학과 구강병리과 예방치과 통합치의학과
우정피부과의원,의원,"울산광역시 남구 수암로 95, 2층 (신정동)",052-249-7283,피부과
화이트e치과의원,치과의원,"울산광역시 남구 삼산중로 36, 4층 (삼산동)",052-256-7552,통합치의학과 예방치과 구강병리과 영상치의학과 구강내과 치과보존과 치주과 소아치과 치과교정과 치과보철과 구강악안면외과
아르떼치과의원,치과의원,"울산광역시 남구 화합로194번길 12-1, 3층 (삼산동)",052-246-1556,통합치의학과 치과보존과 치주과 소아치과 치과교정과 치과보철과 구강악안면외과
월성한의원,한의원,울산광역시 남구 중앙로 249-1 (신정동),052-272-3807,한방내과 한방부인과 한방소아과 한방안·이비인후·피부과 한방신경정신과 한방재활의학과 사상체질과 침구과
맑은치과의원,치과의원,"울산광역시 남구 문수로 414, 5층 (신정동)",052-268-2833,예방치과 구강병리과 영상치의학과 구강내과 치과보존과 치주과 소아치과 치과교정과 치과보철과 구강악안면외과
탑연세치과의원,치과의원,"울산광역시 남구 봉월로 3, 2층 (신정동)",052-243-2279,통합치의학과
심한의원,한의원,"울산광역시 남구 돋질로 393, 2층 (삼산동)",052-282-1075,한방내과 한방안·이비인후·피부과 사상체질과 침구과 한방신경정신과 한방부인과 한방소아과 한방재활의학과
채영수피부과의원,의원,"울산광역시 남구 삼산로 273, 8,9층일부층 (삼산동, 삼산타워)",052-261-0778,가정의학과 피부과
김은규산부인과의원,의원,"울산광역시 남구 수암로 134, 일중학원 302호 (야음동)",052-268-0003,산부인과
박창민가정의학과의원,의원,"울산광역시 남구 신정로 33, 3층 (달동)",052-267-0896,가정의학과 내과 소아청소년과 피부과 마취통증의학과
송은영유반외과의원,의원,"울산광역시 남구 삼산로 269, 9층 (삼산동)",052-266-6075,외과
뉴욕연합치과의원,치과의원,"울산광역시 남구 삼산로 273, 7층 (삼산동, 삼산타워)",052-283-2875,치과 구강악안면외과 치과보철과 치주과 치과보존과 예방치과 통합치의학과
서울삼성비뇨기과산부인과의원,의원,"울산광역시 남구 삼산로 274, 5층 (삼산동)",052-269-8575,내과 외과 산부인과 소아청소년과 피부과 성형외과 마취통증의학과 비뇨의학과
울산밝은안과의원,의원,"울산광역시 남구 삼산로 274, 6층 (삼산동)",052-267-2001,안과
로뎀나무정신건강의학과의원,의원,"울산광역시 남구 삼산로 216, 7층 (달동, 인성빌딩)",052-260-0023,신경과 정신건강의학과 가정의학과
김도하내과의원,의원,"울산광역시 남구 삼산로 273, 삼산타워 1102호 (삼산동)",052-275-7555,내과 소아청소년과 정신건강의학과 피부과 영상의학과 비뇨의학과 병리과 마취통증의학과 산부인과 신경과 가정의학과
미드림한의원,한의원,"울산광역시 남구 문수로369번길 65, 3층 (신정동, 한신빌딩)",052-227-3475,한방안·이비인후·피부과 한방내과 사상체질과 침구과 한방신경정신과 한방부인과 한방소아과 한방재활의학과
정애경미즈유의원,의원,울산광역시 남구 삼산로 281 (삼산동),052-261-6006,영상의학과
해누리치과의원,치과의원,"울산광역시 남구 신복로72번길 28-6, 2층 (무거동)",052-222-4275,통합치의학과
더블유치과의원,치과의원,"울산광역시 남구 대학로 136, 6층 (무거동)",052-221-1441,치과
뉴욕치과의원,치과의원,"울산광역시 남구 대학로 157, 4층 (무거동, 부흥빌딩)",052-232-2875,통합치의학과
궁한의원,한의원,"울산광역시 남구 삼산로 258, 3층 (달동)",052-227-9121,침구과 사상체질과 한방신경정신과 한방소아과 한방부인과 한방내과
신화의원,의원,"울산광역시 남구 삼산로 43, 2층 (신정동)",052-261-9500,내과 성형외과 피부과 비뇨의학과
서울치과의원,치과의원,"울산광역시 남구 북부순환도로 13, 6층 (무거동, 보령메디칼)",052-249-2275,치과
밝은성모안과의원,의원,"울산광역시 남구 수암로 118-3, 4층 (신정동)",052-260-7581,안과
e-플랜트치과의원,치과의원,"울산광역시 남구 삼산로108번길 4, 2~4층 (달동)",052-267-5882,치과
에이치엠치과의원,치과의원,"울산광역시 남구 중앙로167번길 26, 4층 (신정동)",052-258-2805,치과
서울연합치과의원,치과의원,"울산광역시 남구 수암로 121, 4층 (신정동)",052-272-2888,치과
화이트듀의원,의원,울산광역시 남구 삼산로267번길 6-16 (삼산동),052-225-8275,가정의학과 피부과 성형외과 내과
화이트듀치과의원,치과의원,"울산광역시 남구 삼산로267번길 6-16, 5층 (삼산동)",052-221-8275,치과
천지인한의원,한의원,"울산광역시 남구 북부순환도로 29, 1층 5호 (무거동, 남운산호상가)",052-277-1187,한방내과
조웅한의원,한의원,"울산광역시 남구 삼산중로 125, 2층 (삼산동)",052-258-1175,한방내과 한방부인과 한방소아과 한방안·이비인후·피부과 한방신경정신과 한방재활의학과 사상체질과 침구과
에덴가족치과의원,치과의원,울산광역시 남구 대학로 124 (무거동),052-277-9072,통합치의학과 치과보존과 치주과 소아치과 치과교정과 치과보철과
더에스의원,의원,"울산광역시 남구 삼산로278번길 8, 7층 (삼산동)",052-707-1000,피부과 마취통증의학과 성형외과
디에르치과의원,치과의원,"울산광역시 남구 화합로 148, 4층 (삼산동)",052-261-9559,치과
위스마일치과교정과치과의원,치과의원,"울산광역시 남구 삼산중로100번길 20, 3층 (삼산동)",052-275-9111,치과교정과
선암치과의원,치과의원,"울산광역시 남구 두왕로64번길 5-14, 2층 (선암동)",052-275-2750,치과보철과 치주과 치과보존과 구강내과 예방치과
주치과의원,치과의원,"울산광역시 남구 중앙로 6, 3층 (야음동)",052-293-0613,치과
임정현내과의원,의원,"울산광역시 남구 삼산로 17, 애플빌딩 2층 (신정동)",052-271-3288,내과
정피부과의원,의원,"울산광역시 남구 삼산로 272, 1201호 (삼산동)",052-707-1234,피부과
이현정산부인과의원,의원,"울산광역시 남구 삼산로 15, 2층 (신정동)",052-256-1935,산부인과
디엔샘내과의원,의원,"울산광역시 남구 삼산로 274, 802호 (삼산동)",052-257-0037,내과
캐슬치과의원,치과의원,"울산광역시 남구 신선로 45, 3층 303호 (야음동, 롯데캐슬1단지아파트)",052-258-7528,치과
마인드닥터의원,의원,"울산광역시 남구 삼산로 24, 프라자빌딩 3층 303호 (신정동)",052-260-7525,정신건강의학과
아름다운한의원,한의원,"울산광역시 남구 문수로 348, 1층 (옥동)",052-256-2992,침구과 사상체질과 한방재활의학과 한방신경정신과 한방안·이비인후·피부과 한방소아과 한방부인과 한방내과
옥동노블치과의원,치과의원,"울산광역시 남구 문수로 338, 5층 (옥동)",052-266-2879,치과
꽃단비한의원,한의원,"울산광역시 남구 돋질로302번길 27, 2층 (삼산동)",052-260-0066,침구과 사상체질과 한방재활의학과 한방신경정신과 한방안·이비인후·피부과 한방소아과 한방부인과 한방내과
문수한의원,한의원,"울산광역시 남구 대학로 138, 7층 (무거동, 신정빌딩)",052-223-7575,한방내과
연세엘레핀의원,의원,"울산광역시 남구 삼산중로 69, 6층 (달동)",052-267-7004,피부과 가정의학과
한일치과의원,치과의원,"울산광역시 남구 돋질로302번길 35, 2층 (삼산동)",052-269-2117,구강악안면외과 치과보철과 치과교정과 소아치과 치주과 치과보존과 구강내과 영상치의학과 예방치과 통합치의학과
우리이비인후과의원,의원,"울산광역시 남구 대학로 138, 8층 (무거동)",052-249-2600,피부과 이비인후과 안과 소아청소년과 정신건강의학과 신경과 내과
고운피부과의원,의원,"울산광역시 남구 삼산로 274, 9층 (삼산동, W-Center)",052-269-3100,피부과
무거리틀원소아치과치과의원,치과의원,"울산광역시 남구 북부순환도로 23, 3층 (무거동)",052-277-8200,소아치과
이레성형외과의원,의원,"울산광역시 남구 돋질로302번길 27, 3층 (삼산동)",052-275-5777,성형외과
고려일침한의원,한의원,"울산광역시 남구 대학로147번길 62, 고려한의원 101호 (무거동)",052-256-1779,침구과 사상체질과 한방재활의학과 한방신경정신과 한방안·이비인후·피부과 한방소아과 한방부인과 한방내과
미담치과의원,치과의원,"울산광역시 남구 삼산로 258, 5층 (달동)",052-221-2553,통합치의학과 구강내과 치과보존과 치주과 치과교정과 치과보철과 구강악안면외과
도원한의원,한의원,"울산광역시 남구 삼산중로 116, 201호 (삼산동)",052-269-7533,침구과 사상체질과 한방재활의학과 한방신경정신과 한방안·이비인후·피부과 한방소아과 한방부인과 한방내과
다정흉부외과의원,의원,"울산광역시 남구 삼산로 283, 소망빌딩 7층 (삼산동)",052-267-7582,마취통증의학과 심장혈관흉부외과
윤태권내과의원,의원,"울산광역시 남구 중앙로 14, 2층 202호 (야음동, 덕산플라자)",052-257-3421,내과 소아청소년과 이비인후과
코넬비뇨기과의원,의원,"울산광역시 남구 삼산로 136, 2층 (달동)",052-265-7575,비뇨의학과
임한제한의원,한의원,"울산광역시 남구 중앙로 253, 3층 (신정동)",052-275-7533,침구과 사상체질과 한방재활의학과 한방신경정신과 한방안·이비인후·피부과 한방소아과 한방부인과 한방내과
강남웰치과의원,치과의원,"울산광역시 남구 대학로 141, 4층 (무거동)",052-223-2875,치과
새아침연합내과의원,의원,"울산광역시 남구 수암로 118-3, 5층 (신정동)",052-246-3000,내과
전재민치과의원,치과의원,"울산광역시 남구 중앙로 224, 2층 (신정동)",052-227-1275,치과
코호한의원,한의원,"울산광역시 남구 삼산로 232, 5층 (달동)",052-275-7588,침구과 사상체질과 한방안·이비인후·피부과 한방소아과 한방부인과 한방내과
유창한의원,한의원,"울산광역시 남구 옥현로 43, 1층 (무거동)",052-249-8600,침구과 사상체질과 한방재활의학과 한방신경정신과 한방안·이비인후·피부과 한방소아과 한방부인과 한방내과
울산광역시남구장생포보건지소,보건지소,울산광역시 남구 장생포고래로 215 (장생포동),052-226-2406,내과
굿타임치과의원,치과의원,"울산광역시 남구 문수로 339, 4층 (옥동, 정암빌딩)",052-260-2928,치과
정성드림치과의원,치과의원,"울산광역시 남구 수암로 134, 3층 (야음동)",052-275-0403,통합치의학과 예방치과 구강병리과 영상치의학과 구강내과 치과보존과 치주과 소아치과 치과교정과 치과보철과 구강악안면외과
굿모닝미치과의원,치과의원,"울산광역시 남구 삼산로 110, 4층 (달동, 굿모닝병원)",052-275-7529,치과
하이치과의원,치과의원,"울산광역시 남구 대학로 58, 2층 (무거동)",052-223-2804,구강악안면외과 치과보철과 치과교정과 소아치과 치주과 치과보존과 영상치의학과
건민치과의원,치과의원,"울산광역시 남구 신정로 31, 2층 (달동)",052-227-6990,치과보철과 소아치과 치주과 치과보존과 구강내과 영상치의학과 예방치과 통합치의학과
처용한의원,한의원,"울산광역시 남구 돋질로 79, 1층 (신정동)",052-271-3300,한방내과
수앤미정신건강의학과의원,의원,"울산광역시 남구 수암로 108, 2층 (신정동)",052-273-6075,정신건강의학과
참미소치과의원,치과의원,"울산광역시 남구 문수로 376, 4층 (옥동)",052-260-2875,치과
경희수한의원,한의원,"울산광역시 남구 문수로 333-1, 2층 (옥동)",052-260-5060,침구과 사상체질과 한방재활의학과 한방신경정신과 한방안·이비인후·피부과 한방소아과 한방부인과 한방내과
램브란트치과의원,치과의원,"울산광역시 남구 대학로 130, 4층 (무거동, 성진빌딩)",052-277-7585,구강악안면외과 치과보철과 치과교정과 소아치과 치주과 치과보존과 구강내과 영상치의학과 구강병리과 예방치과 통합치의학과
리틀원소아치과치과의원,치과의원,"울산광역시 남구 삼산로 243, 6층 (달동, 종범빌딩)",052-258-1275,소아치과
동의보감한의원,한의원,"울산광역시 남구 수암로 108, 2층 (신정동)",052-258-7510,침구과 사상체질과 한방재활의학과 한방신경정신과 한방안·이비인후·피부과 한방소아과 한방부인과 한방내과
울산수치과의원,치과의원,"울산광역시 남구 삼산로 14, 2층 (신정동)",052-256-2879,치과
서울탑비뇨기과의원,의원,"울산광역시 남구 삼산로 260, 11층 (삼산동, 주연클리닉)",052-276-5995,비뇨의학과
공업탑강남피부과의원,의원,"울산광역시 남구 삼산로 8, 2층 (신정동)",052-260-5523,피부과
미소원치과의원,치과의원,"울산광역시 남구 화합로 150, 2,3층 (삼산동)",052-1899-7518,통합치의학과 예방치과 구강병리과 영상치의학과 구강내과 치과보존과 치주과 소아치과 치과교정과 치과보철과 구강악안면외과
울산영상의학과의원,의원,울산광역시 남구 삼산로 266 (삼산동),052-244-8044,영상의학과
스타케이의원,의원,"울산광역시 남구 삼산로 272, 10층 (삼산동)",052-256-7585,피부과 성형외과
손병민산부인과의원,의원,울산광역시 남구 삼산중로 86 (삼산동),052-273-7878,산부인과
호동한의원,한의원,울산광역시 남구 남중로 125 (삼산동),052-256-7512,침구과 사상체질과 한방재활의학과 한방신경정신과 한방안·이비인후·피부과 한방소아과 한방부인과 한방내과
김현진산부인과의원,의원,울산광역시 남구 삼산로 257 (달동),052-256-5866,산부인과
새봄한의원,한의원,울산광역시 남구 장검1길 21-50 (무거동),052-247-1075,침구과 사상체질과 한방재활의학과 한방신경정신과 한방안·이비인후·피부과 한방소아과 한방부인과 한방내과
대영치과의원,치과의원,"울산광역시 남구 돋질로 74, 3층 (달동)",052-258-2888,치과
솔나무한의원,한의원,울산광역시 남구 월평로 45 (신정동),052-261-1075,침구과 사상체질과 한방재활의학과 한방신경정신과 한방안·이비인후·피부과 한방소아과 한방부인과 한방내과
울산 명가삼성한의원,한의원,"울산광역시 남구 삼산로 272, 5층 (삼산동)",052-225-2070,한방내과 한방안·이비인후·피부과 사상체질과 한방부인과 한방신경정신과 침구과 한방소아과 한방재활의학과
우광훈내과의원,의원,울산광역시 남구 삼산로 260 (삼산동),052-268-2090,내과
삼성연합가정의학과의원,의원,울산광역시 남구 문수로369번길 65 (신정동),052-271-4550,가정의학과
울산선암의원,의원,울산광역시 남구 두왕로64번길 5-14 (선암동),052-275-6322,내과 직업환경의학과 병리과 영상의학과
미래이비인후과의원,의원,울산광역시 남구 북부순환도로 23 (무거동),052-221-2653,이비인후과
유호근의원,의원,울산광역시 남구 두왕로190번길 49 (선암동),052-271-0199,내과
이연경소아청소년과의원,의원,"울산광역시 남구 수암로 138, 타임스퀘어 5층 (야음동)",052-257-7555,소아청소년과
나비샘연합의원,의원,"울산광역시 남구 봉월로 5, 4~5층 (신정동)",052-275-2988,내과 핵의학과
순풍산부인과의원,의원,울산광역시 남구 북부순환도로 10 (무거동),052-222-8833,산부인과 내과 소아청소년과 피부과
센텀신경외과의원,의원,울산광역시 남구 문수로 376 (옥동),052-271-8833,신경외과 마취통증의학과 영상의학과 정형외과 재활의학과
유사랑외과의원,의원,"울산광역시 남구 삼산로 260, 9층 (삼산동, 주연클리닉)",052-260-6075,외과
소나무한의원,한의원,울산광역시 남구 삼호로 143 (무거동),052-272-0016,침구과 사상체질과 한방재활의학과 한방신경정신과 한방안·이비인후·피부과 한방소아과 한방부인과 한방내과
골프효자손마취통증의학과의원,의원,울산광역시 남구 중앙로 243 (신정동),052-258-8111,마취통증의학과
프라임치과의원,치과의원,"울산광역시 남구 화합로 162, 2층 202호 (삼산동, 나인파크)",052-297-2875,구강악안면외과 치과보철과 치과교정과 소아치과 치주과 치과보존과 구강내과 영상치의학과 구강병리과 예방치과 통합치의학과
음현진산부인과의원,의원,"울산광역시 남구 삼산로 166, 4층 (달동)",052-271-6788,산부인과
닥터적맥의원,의원,"울산광역시 남구 삼산로 260, 6,8층 (삼산동)",052-267-3375,심장혈관흉부외과 외과
옥동우리이비인후과의원,의원,"울산광역시 남구 문수로 376, 3층 (옥동)",052-258-7588,이비인후과
굿모닝한의원,한의원,"울산광역시 남구 수암로 130, 201호 (야음동, 메디어스빌딩)",052-256-1010,한방내과 한방부인과 한방소아과 한방신경정신과 한방안·이비인후·피부과 침구과
김진우심당내과의원,의원,"울산광역시 남구 삼산로 167, 2층 (달동)",052-271-3071,내과
원창한의원,한의원,"울산광역시 남구 문수로 326, 2층 (옥동)",052-274-0700,한방내과
세창한의원,한의원,"울산광역시 남구 번영로144번길 17, 1층 (달동)",052-260-8875,한방내과 한방안·이비인후·피부과 사상체질과 한방부인과 한방신경정신과 침구과 한방소아과 한방재활의학과
밝은미래치과의원,치과의원,울산광역시 남구 중앙로 237 (신정동),052-256-7528,치과
수암우리이비인후과의원,의원,"울산광역시 남구 수암로 138, 8층 802호 (야음동)",052-268-7582,피부과 이비인후과 안과 소아청소년과 내과
이브산부인과의원,의원,울산광역시 남구 수암로 130 (야음동),052-276-8575,산부인과
굿마인드의원,의원,"울산광역시 남구 중앙로 164, 2, 4층 (달동)",052-269-0167,정신건강의학과
고운님여성의원,의원,"울산광역시 남구 봉월로 5, 동진빌딩 (신정동)",052-269-4876,산부인과
유한의원,한의원,울산광역시 남구 문수로 337 (옥동),052-274-5353,침구과 사상체질과 한방재활의학과 한방신경정신과 한방안·이비인후·피부과 한방소아과 한방부인과 한방내과
미본치과의원,치과의원,"울산광역시 남구 삼산로 266, 9층 (삼산동, 굿모닝메디컬빌딩)",052-258-2875,치과
강경남치과의원,치과의원,울산광역시 남구 굴화4길 31 (무거동),052-247-7528,치과
델타전치과의원,치과의원,"울산광역시 남구 정동로42번길 28, 3층 (삼산동)",052-258-2840,통합치의학과
델타치과의원,치과의원,"울산광역시 남구 삼산로 274, 10층 (삼산동)",052-257-2860,예방치과 구강병리과 영상치의학과 구강내과 치과보존과 치주과 소아치과 치과교정과 치과보철과 구강악안면외과
미그린치과교정과치과의원,치과의원,"울산광역시 남구 삼산로 274, 10층 (삼산동)",052-225-2828,예방치과 구강병리과 영상치의학과 구강내과 치과보존과 치주과 소아치과 치과교정과 치과보철과 구강악안면외과
최병일3S한의원,한의원,"울산광역시 남구 삼산로 166, 2층 (달동)",052-269-7582,한방내과 한방부인과 한방소아과 한방안·이비인후·피부과 한방신경정신과 한방재활의학과 사상체질과 침구과
메디포맨비뇨기과의원,의원,"울산광역시 남구 삼산로 266, 굿모닝클리닉 11층 1102호 (삼산동)",052-276-9111,비뇨의학과
코아이비인후과의원,의원,"울산광역시 남구 삼산로 281, 9층 (삼산동, 정앤정크리닉빌딩)",052-257-8300,이비인후과
김동욱한의원,한의원,울산광역시 남구 돋질로 137 (신정동),052-261-1112,한방내과 한방부인과 한방소아과 침구과 한방재활의학과 한방안·이비인후·피부과
이아름다운치과의원,치과의원,"울산광역시 남구 대학로 126, 4층 (무거동)",052-222-2816,통합치의학과
맑은숲예인한의원,한의원,"울산광역시 남구 대학로 134, 삼흥메디어스 2층 (무거동)",052-247-5336,한방내과 한방부인과 한방소아과 한방안·이비인후·피부과 한방신경정신과 한방재활의학과 사상체질과 침구과
하늘치과의원,치과의원,"울산광역시 남구 삼산중로 69, 3층 (달동, 화신빌딩)",052-261-2875,치과
e푸른치과의원,치과의원,"울산광역시 남구 삼산로 272, 11층 (삼산동)",052-247-7996,치과
이상협치과의원,치과의원,"울산광역시 남구 삼산로 257, 5층 (달동, 달동1367-9재1종근린생활시설(주)금양개발)",052-244-2875,치과보철과 치주과 치과보존과
시제이여성의원,의원,"울산광역시 남구 중앙로 243, 5~6층 (신정동)",052-256-5311,산부인과 성형외과 피부과
서울아침의원,의원,"울산광역시 남구 대학로 128, 3층 (무거동, 하늘빌딩)",052-277-0868,내과
울산화이트치과의원,치과의원,"울산광역시 남구 삼산로 283, 4층 (삼산동, 소망빌딩)",052-256-2875,예방치과 영상치의학과 구강내과 치과보존과 치주과 소아치과 치과교정과 치과보철과 구강악안면외과
마마파파베이비산부인과의원,의원,"울산광역시 남구 삼산로 247, 15~17층 (달동, 마마파파&베이비빌딩)",052-258-6006,산부인과
울산편한내과의원,의원,"울산광역시 남구 번영로 119, 3~5층 (달동)",052-272-2726,내과
키즈쉬즈한의원,한의원,"울산광역시 남구 삼산로 69, 키즈쉬즈빌딩 5~8층 (달동)",052-266-0016,침구과 사상체질과 한방재활의학과 한방신경정신과 한방안·이비인후·피부과 한방소아과 한방부인과 한방내과
김창환마취통증의학과의원,의원,"울산광역시 남구 대학로 138, 3층 (무거동, 신정빌딩)",052-277-8888,마취통증의학과
광제한의원,한의원,울산광역시 남구 수암로 110-1 (신정동),052-256-5512,한방내과
굿모닝창문외과의원,의원,"울산광역시 남구 대학로 138, 5층 (무거동, 신정빌딩)",052-249-8275,외과
윤혜정산부인과의원,의원,"울산광역시 남구 대학로 138, 6층 (무거동, 신정빌딩)",052-277-9595,산부인과
예당한의원,한의원,울산광역시 남구 신정로 26 (달동),052-273-7773,한방내과
하나한의원,한의원,울산광역시 남구 봉월로 12 (신정동),052-275-1101,침구과 사상체질과 한방재활의학과 한방신경정신과 한방안·이비인후·피부과 한방소아과 한방부인과 한방내과
윤영민정형외과의원,의원,"울산광역시 남구 굴화3길 5-3, 지하1,1,2,5층 (무거동)",052-249-9200,정형외과
노블의원,의원,"울산광역시 남구 삼산로 275, 5층 (삼산동)",052-265-0056,성형외과 피부과 외과
이바담그룹의원,의원,"울산광역시 남구 삼산로 266, 10층 (삼산동, 굿모닝클리닉)",052-272-6630,가정의학과 비뇨의학과 피부과 산부인과 성형외과
새신화의원,의원,"울산광역시 남구 옥현로58번길 4, 3층 (무거동)",052-249-2300,내과 소아청소년과 피부과 이비인후과
양경철성형외과의원,의원,"울산광역시 남구 삼산로 115, 4층 (달동)",052-227-2323,성형외과
이덕기한의원,한의원,"울산광역시 남구 신복로 12-1, 2층 (무거동)",052-275-6969,한방내과
삼선방한의원,한의원,"울산광역시 남구 삼산로301번길 16, 2층 (삼산동)",052-275-0124,한방내과
푸른하늘한의원,한의원,울산광역시 남구 월평로 250 (삼산동),052-269-1082,한방내과 한방부인과 한방소아과 한방안·이비인후·피부과 한방신경정신과 한방재활의학과 사상체질과 침구과
화이트치과의원,치과의원,"울산광역시 남구 옥현로 117, 4층 (무거동)",052-249-3040,치과
청아인한의원,한의원,"울산광역시 남구 돋질로302번길 31, 2층 (삼산동)",052-276-0080,침구과 사상체질과 한방재활의학과 한방신경정신과 한방안·이비인후·피부과 한방소아과 한방부인과 한방내과
세방치과의원,치과의원,"울산광역시 남구 북부순환도로 12, 2층 (무거동)",052-222-2879,치과
바른치과의원,치과의원,"울산광역시 남구 월평로 50, 2층 (신정동)",052-258-2750,치과
권학수정신건강의학과의원,의원,"울산광역시 남구 삼산중로 67, 4층 (달동, 송호빌딩)",052-256-0875,정신건강의학과 신경과 가정의학과
삼산앞선치과의원,치과의원,"울산광역시 남구 삼산로 269, 3층 (삼산동)",052-268-2100,구강악안면외과 치과보철과 소아치과 치주과 치과보존과 구강내과 영상치의학과 예방치과 통합치의학과
행복한비뇨기과의원,의원,울산광역시 남구 대학로 136 (무거동),052-222-0007,비뇨의학과
나사렛피부과의원,의원,"울산광역시 남구 삼산로 269, 5층 (삼산동, 탑텐클리닉)",052-256-0211,피부과
미래의원,의원,"울산광역시 남구 수암로 138, 7층 (야음동)",052-268-0050,비뇨의학과 피부과
오렌지치과의원,치과의원,울산광역시 남구 돋질로 159 (신정동),052-271-8811,치과
김동욱내과의원,의원,"울산광역시 남구 삼산로 269, 8층 (삼산동)",052-227-0275,내과
김종옥이비인후과의원,의원,"울산광역시 남구 신정로 35, 3층 (달동, 선영빌딩)",052-260-0285,이비인후과
삼산한의원,한의원,"울산광역시 남구 삼산로 281, 6층 (삼산동, 정앤정크리닉빌딩북측)",052-274-7575,한방내과 한방부인과 한방소아과 한방안·이비인후·피부과 한방신경정신과 한방재활의학과 사상체질과 침구과
푸른비뇨기과의원,의원,"울산광역시 남구 삼산로 281, 6층 (삼산동, 정&정빌딩)",052-260-4800,비뇨의학과
고옥산부인과의원,의원,"울산광역시 남구 삼산로 269, 7층 (삼산동, 탑텐크리닉)",052-257-0075,산부인과
우리들마취통증의학과의원,의원,"울산광역시 남구 삼산로 281, 5층 (삼산동)",052-268-0033,마취통증의학과
굿모닝이비인후과의원,의원,"울산광역시 남구 남중로 37, 5,6,7층 (삼산동)",052-256-7000,이비인후과 성형외과
이승헌한의원,한의원,"울산광역시 남구 문수로 312, 4층 (옥동)",052-256-1075,침구과 사상체질과 한방재활의학과 한방신경정신과 한방안·이비인후·피부과 한방소아과 한방부인과 한방내과
권성운내과의원,의원,"울산광역시 남구 문수로 331, 3층 (옥동)",052-256-1717,내과
문현수이비인후과의원,의원,"울산광역시 남구 중앙로 243, 3층 (신정동)",052-268-9914,피부과 이비인후과 소아청소년과 외과 내과
메디아트의원,의원,"울산광역시 남구 삼산로 283, 4층 (삼산동)",052-258-7582,성형외과
이튼치과의원,치과의원,"울산광역시 남구 삼산로 232, 3층 (달동)",052-261-8543,치주과 통합치의학과
굿모닝문수치과의원,치과의원,"울산광역시 남구 대학로 159, 2층 (무거동)",052-222-2875,구강악안면외과 치과보철과 치과교정과 소아치과 치주과 치과보존과 구강내과 예방치과 통합치의학과
바른정형외과의원,의원,"울산광역시 남구 돋질로 295, 1,4,5층 (삼산동)",052-227-0999,정형외과
홍승범정신건강의학과의원,의원,"울산광역시 남구 삼산로 15, 5층 (신정동, 세안빌딩)",052-272-0069,정신건강의학과
나은정형외과의원,의원,울산광역시 남구 중앙로 242 (신정동),052-268-5612,정형외과
참조은내과의원,의원,"울산광역시 남구 수암로 113, 1~2,4층 (신정동)",052-273-7800,가정의학과 진단검사의학과 영상의학과 이비인후과 소아청소년과 내과
울산경희한의원,한의원,울산광역시 남구 거마로 87 (신정동),052-269-8080,한방내과
서울의원,의원,"울산광역시 남구 신복로72번길 28-14, 2층 (무거동)",052-277-2775,내과
미다스치과의원,치과의원,울산광역시 남구 문수로 303 (옥동),052-267-2000,예방치과 영상치의학과 구강내과 치과보존과 치주과 소아치과 치과교정과 치과보철과 구강악안면외과
선비뇨기과의원,의원,"울산광역시 남구 삼산로 25-1, 3층 (신정동)",052-269-0075,비뇨의학과
사대한의원,한의원,울산광역시 남구 북부순환도로 16 (무거동),052-223-6475,침구과 사상체질과 한방신경정신과 한방안·이비인후·피부과 한방소아과 한방부인과 한방내과
강남비뇨기과의원,의원,"울산광역시 남구 삼산로 26, 2층 (신정동, 공업탑 하트랜드)",052-261-3200,비뇨의학과
전내과의원,의원,"울산광역시 남구 번영로107번길 1, 3~5층 (달동)",052-267-7272,내과 소아청소년과 이비인후과 피부과 영상의학과
김복근내과의원,의원,"울산광역시 남구 신정로 39, 2층 (달동)",052-267-0975,내과 소아청소년과
신정치과의원,치과의원,"울산광역시 남구 중앙로 210, 2층 (신정동)",052-272-9060,통합치의학과
엄재화내과의원,의원,"울산광역시 남구 삼산로 26, 305호 (신정동, 공업탑 하트랜드)",052-257-7955,내과
김지선정신건강의학과의원,의원,"울산광역시 남구 삼산중로 65, 4층 (달동, 제일빌딩)",052-265-3456,정신건강의학과
황인태영상의학과의원,의원,"울산광역시 남구 삼산로 275, 7층 (삼산동, 킴스빌딩)",052-257-9275,영상의학과
연세의원,의원,"울산광역시 남구 대암로 69, 3층 (야음동, 신정현대프라자)",052-258-5246,내과
울산현대치과의원,치과의원,울산광역시 남구 삼산중로 71 (달동),052-261-7504,통합치의학과 영상치의학과 구강내과 치과보존과 치주과 치과교정과 치과보철과 구강악안면외과
새로운치과의원,치과의원,"울산광역시 남구 문수로 396, 2층 (옥동, 대륙골프프라자)",052-266-2820,구강악안면외과 치과보철과 소아치과 치주과 치과보존과 구강내과 영상치의학과 구강병리과 예방치과 통합치의학과
정유성류마내과의원,의원,울산광역시 남구 중앙로 263 (신정동),052-258-2583,내과
신세계안과의원,의원,"울산광역시 남구 삼산로 285, 2~9층 (삼산동)",052-275-0001,안과
사랑이가득한치과의원,치과의원,"울산광역시 남구 봉월로59번길 24, 2층 (신정동)",052-271-2882,치과
강앤이치과의원,치과의원,"울산광역시 남구 문수로 390, 2층 (옥동)",052-276-7533,예방치과 영상치의학과 구강내과 치과보존과 치주과 소아치과 치과교정과 치과보철과 구강악안면외과
유성한의원,한의원,"울산광역시 남구 번영로 109, 2층 (달동, 동산빌딩)",052-227-5454,침구과 사상체질과 한방재활의학과 한방신경정신과 한방안·이비인후·피부과 한방소아과 한방부인과 한방내과
김호철내과의원,의원,"울산광역시 남구 북부순환도로 13, 3층 (무거동)",052-247-5936,내과
보람치과의원,치과의원,울산광역시 남구 대학로 110 (무거동),052-247-2812,치과
김진내과의원,의원,"울산광역시 남구 수암로 230, 3층 (야음동)",052-258-2443,내과 소아청소년과 이비인후과 피부과
박수연소아청소년과의원,의원,"울산광역시 남구 대암로 69, 301~303호 (야음동)",052-260-7288,소아청소년과
명이비인후과의원,의원,울산광역시 남구 수암로 115 (신정동),052-227-1525,이비인후과
훈치과의원,치과의원,"울산광역시 남구 울밀로 2882, 2층 (무거동)",052-277-7561,치과
제일치과의원,치과의원,"울산광역시 남구 삼산중로 84, 4층 (삼산동)",052-234-2875,치과
수암한의원,한의원,울산광역시 남구 삼호로 109 (무거동),052-277-1727,한방내과
연세리더스의원,의원,"울산광역시 남구 삼산중로 65, 3층 (달동)",052-273-7511,소아청소년과 내과
심규빈치과의원,치과의원,울산광역시 남구 삼산중로 65 (달동),052-258-2829,치과
김흥선치과의원,치과의원,"울산광역시 남구 왕생로 97, 4층 (달동)",052-227-3706,치과
이상환치과의원,치과의원,울산광역시 남구 봉월로 4 (신정동),052-269-2344,치과
인구보건복지협회 울산광역시지회 가족보건의원,의원,"울산광역시 남구 봉월로 63, 1,2층 (신정동)",052-273-4463,내과 산부인과 소아청소년과 비뇨의학과 영상의학과
변준영이비인후과의원,의원,울산광역시 남구 북부순환도로 16 (무거동),052-224-7482,이비인후과
세종의원,의원,"울산광역시 남구 거마로134번길 17, 2층 (신정동, 국제빌딩)",052-267-8500,내과 소아청소년과 이비인후과 피부과 비뇨의학과 외과 가정의학과
선이아름다운치과의원,치과의원,"울산광역시 남구 삼산중로74번길 6, 2층 (삼산동, 주상빌딩)",052-267-7077,치과
울산제일의원,의원,"울산광역시 남구 수암로 230, 2층 (야음동)",052-271-8588,내과 피부과 비뇨의학과 이비인후과 소아청소년과 성형외과
킴스마취통증의학과의원,의원,"울산광역시 남구 삼산로 269, 10층 (삼산동)",052-261-6465,마취통증의학과
정안과의원,의원,"울산광역시 남구 북부순환도로 13, 2층 (무거동)",052-247-8275,안과
봄한의원,한의원,울산광역시 남구 중앙로 259 (신정동),052-227-0503,한방내과 한방부인과 한방소아과 한방안·이비인후·피부과 한방신경정신과 한방재활의학과 사상체질과 침구과
제갈이비인후과의원,의원,"울산광역시 남구 삼산로 25-1, 5층 (신정동)",052-267-4733,이비인후과
다나산부인과의원,의원,울산광역시 남구 삼산로 266 (삼산동),052-266-9777,산부인과
동인한의원,한의원,울산광역시 남구 수암로 111 (신정동),052-266-8209,한방내과
서울이비인후과의원,의원,울산광역시 남구 삼산로 257 (달동),052-266-7177,이비인후과
강남피부과의원,의원,"울산광역시 남구 삼산로 257, 4층 (달동)",052-260-5522,피부과
한길내과의원,의원,"울산광역시 남구 삼산로 209, 2,3층 (달동)",052-269-1400,내과
엄피부과의원,의원,"울산광역시 남구 북부순환도로 24, 4층 (무거동)",052-249-5255,피부과
김형규학문외과의원,의원,"울산광역시 남구 북부순환도로 13, 5층 (무거동, 보령메디칼빌딩)",052-224-0717,외과
울산성모안과의원,의원,"울산광역시 남구 삼산로 201, 2층 (달동)",052-275-0775,안과
창조피부과의원,의원,"울산광역시 남구 삼산로267번길 8, 3층 (삼산동)",052-261-0056,피부과
윤쌤한의원,한의원,"울산광역시 남구 수암로 109, 2층 (신정동)",052-289-2628,침구과 한방안·이비인후·피부과 한방소아과 한방부인과 한방내과
강문규내과의원,의원,"울산광역시 남구 삼산로 283, 소망빌딩 9층 (삼산동)",052-274-9641,내과
신정현대치과의원,치과의원,울산광역시 남구 대암로 69 (야음동),052-261-0302,치과
남부의원,의원,"울산광역시 남구 중앙로 246, 1층 (신정동)",052-273-7268,내과 소아청소년과 정형외과 피부과 비뇨의학과 이비인후과 영상의학과
페밀리신경외과의원,의원,"울산광역시 남구 대학로 144, 2,3,8층 (무거동)",052-249-4100,신경외과
백한의원,한의원,"울산광역시 남구 북부순환도로 11, 지하1층 및2층 (무거동)",052-247-8343,한방내과 한방부인과 한방소아과 한방안·이비인후·피부과 한방신경정신과 한방재활의학과 사상체질과 침구과
김종환치과의원,치과의원,"울산광역시 남구 대학로 134, 4층 (무거동)",052-247-3575,치과
밝은미소치과교정과치과의원,치과의원,"울산광역시 남구 삼산중로 67, 5층 (달동, 송호빌딩)",052-257-2875,통합치의학과 치과교정과
이창식치과의원,치과의원,울산광역시 남구 삼호로 79 (무거동),052-247-2888,치과
윤문한마취통증의학과의원,의원,"울산광역시 남구 삼산로 25-1, 4층 (신정동)",052-268-2370,마취통증의학과
울산중앙의원,의원,울산광역시 남구 수암로 288 (야음동),052-257-5600,내과
새현대의원,의원,울산광역시 남구 문수로 396 (옥동),052-258-7604,내과
영남의원,의원,울산광역시 남구 대학로33번길 17 (무거동),052-277-5074,재활의학과 비뇨의학과 피부과 이비인후과 정형외과 외과 내과
한나산부인과의원,의원,울산광역시 남구 수암로 113 (신정동),052-268-7901,산부인과
명안과의원,의원,울산광역시 남구 번영로 178 (달동),052-273-8511,안과
유재원한의원,한의원,울산광역시 남구 수암로 115 (신정동),052-275-8188,한방내과 한방부인과 한방소아과 한방안·이비인후·피부과 한방신경정신과 한방재활의학과 사상체질과 침구과
탑흉부외과의원,의원,울산광역시 남구 번영로 96 (달동),052-266-7077,결핵과 비뇨의학과 피부과 이비인후과 소아청소년과 심장혈관흉부외과 외과 내과
새울산제통의원,의원,"울산광역시 남구 수암로 220, 2층 (야음동)",052-268-1981,가정의학과 마취통증의학과 내과
명제한의원,한의원,"울산광역시 남구 대학로 161, 2층 (무거동)",052-249-8485,침구과 사상체질과 한방재활의학과 한방신경정신과 한방안·이비인후·피부과 한방소아과 한방부인과 한방내과
선치과의원,치과의원,울산광역시 남구 문수로 331 (옥동),052-268-4997,치과
조승기치과의원,치과의원,울산광역시 남구 수암로288번길 2 (야음동),052-258-2406,치과
탑치과의원,치과의원,"울산광역시 남구 동산로89번길 4, 2층 205호 (신정동, 공간베스트힐)",052-261-2865,치과
온이비인후과의원,의원,"울산광역시 남구 삼산중로 71, 2층 (달동)",052-275-0515,이비인후과
울산탑비뇨기과의원,의원,울산광역시 남구 화합로 196 (삼산동),052-261-5885,비뇨의학과
한사랑치과의원,치과의원,울산광역시 남구 번영로 109 (달동),052-275-8636,통합치의학과
예일치과의원,치과의원,울산광역시 남구 번영로 113 (달동),052-274-6740,통합치의학과
강문수내과의원,의원,울산광역시 남구 대학로 141 (무거동),052-249-0645,내과
이차진치과의원,치과의원,"울산광역시 남구 문수로 371, 2층 (옥동)",052-266-9207,치과
김병철치과의원,치과의원,울산광역시 남구 수암로 118-3 (신정동),052-272-9348,치과
김병재치과의원,치과의원,울산광역시 남구 수암로 115 (신정동),052-269-7805,치과
울산예스치과의원,치과의원,울산광역시 남구 남중로 125 (삼산동),052-271-4290,치과
명문치과의원,치과의원,울산광역시 남구 수암로 235-1 (야음동),052-265-0576,치과
박안과의원,의원,"울산광역시 남구 대학로 136, 3층 (무거동, 정빌딩)",052-223-4311,안과
본디올종로한의원,한의원,울산광역시 남구 대학로 164 (무거동),052-224-3384,한방내과
형제한의원,한의원,"울산광역시 남구 삼산중로 71, 2층 (달동)",052-267-4640,한방내과
김정호소아과의원,의원,울산광역시 남구 수암로 122 (야음동),052-272-1062,소아청소년과
한솔치과의원,치과의원,울산광역시 남구 중앙로 249 (신정동),052-260-6566,구강악안면외과 치과보철과 소아치과 치주과 치과보존과 영상치의학과
유영훈내과의원,의원,"울산광역시 남구 삼산로 24, 2층 (신정동)",052-260-3539,내과
봉천 한의원,한의원,"울산광역시 남구 번영로250번길 8, 2층 (삼산동)",052-244-0611,한방내과 한방부인과 한방소아과 한방안·이비인후·피부과 한방신경정신과 한방재활의학과 사상체질과 침구과 
이진걸치과의원,치과의원,"울산광역시 남구 삼산로 25-1, 2층 (신정동)",052-276-3918,구강악안면외과 치과보철과 소아치과 치주과 치과보존과 구강내과 영상치의학과 구강병리과 예방치과 통합치의학과
다온치과의원,치과의원,"울산광역시 남구 삼산로253번길 7, 3층 (달동)",052-245-7575,통합치의학과
나요한의원,의원,"울산광역시 남구 산업로339번길 24-10, 2층 201호 (선암동)",052-269-8893,비뇨의학과 피부과 소아청소년과 내과
고려의원,의원,울산광역시 남구 삼호로 79 (무거동),052-247-5163,내과
성모정형외과의원,의원,울산광역시 남구 수암로 95 (신정동),052-260-7575,정형외과 신경외과 재활의학과 소아청소년과
한길치과의원,치과의원,"울산광역시 남구 문수로 346, 4층 (옥동)",052-261-2793,치과
최욱치과의원,치과의원,"울산광역시 남구 중앙로 255-1, 2층 (신정동)",052-266-5737,치과
소망우정치과의원,치과의원,"울산광역시 남구 중앙로 230, 3층 (신정동, 대원빌딩)",052-276-3953,통합치의학과 예방치과 영상치의학과 구강내과 치과보존과 치주과 소아치과 치과보철과 구강악안면외과
김지수마취통증의학과의원,의원,"울산광역시 남구 중앙로 254, 2층 (신정동, 상운빌딩)",052-266-3624,마취통증의학과 내과 정형외과 성형외과 재활의학과
동의한의원,한의원,울산광역시 남구 신복로 25 (무거동),052-247-7221,침구과 사상체질과 한방재활의학과 한방신경정신과 한방안·이비인후·피부과 한방소아과 한방부인과 한방내과
백산한의원,한의원,"울산광역시 남구 수암로 230, 5층 (야음동)",052-260-2240,침구과 사상체질과 한방신경정신과 한방안·이비인후·피부과 한방소아과 한방부인과 한방내과
경희한의원,한의원,울산광역시 남구 신정로 33 (달동),052-261-0939,한방내과
백신경외과정형외과의원,의원,"울산광역시 남구 봉월로 172, 1,2,4,5층 (신정동)",052-267-4107,정형외과 외과 신경외과 내과 피부과
위보령한의원,한의원,울산광역시 남구 중앙로 260 (신정동),052-265-7755,한방응급과 침구과 사상체질과 한방재활의학과 한방신경정신과 한방안·이비인후·피부과 한방소아과 한방부인과 한방내과
로덴치과의원,치과의원,"울산광역시 남구 월평로 256, 3층 (삼산동)",052-266-7905,통합치의학과
정소아청소년과의원,의원,"울산광역시 남구 중앙로 243-1, 4층 (신정동)",052-266-9363,소아청소년과 내과
울산부부한의원,한의원,"울산광역시 남구 수암로 110, 1~3층 (신정동)",052-276-0088,한방내과
굿모닝안과의원,의원,"울산광역시 남구 삼산로 254, 5,6층 (달동)",052-261-5909,안과
재승한의원,한의원,울산광역시 남구 돋질로 291 (삼산동),052-275-7416,침구과 사상체질과 한방재활의학과 한방신경정신과 한방안·이비인후·피부과 한방소아과 한방부인과 한방내과
박상영치과의원,치과의원,"울산광역시 남구 수암로 230, 3층 (야음동)",052-273-4290,치과보철과
건강한내과의원,의원,"울산광역시 남구 대학로 136, 4층 (무거동)",052-247-6813,내과 소아청소년과 영상의학과 병리과
녹십자의원,의원,"울산광역시 남구 수암로 107, 2층 (신정동)",052-266-2767,피부과
이경민소아과의원,의원,울산광역시 남구 거마로118번길 17 (신정동),052-274-2229,소아청소년과
웰츠치과의원,치과의원,"울산광역시 남구 대학로 164, 203호 (무거동, 웰츠타워상가)",052-277-4639,치과
이성희내과의원,의원,"울산광역시 남구 수암로 118, 2,3층 (신정동)",052-269-5374,내과
김한의원,한의원,울산광역시 남구 수암로 21 (신정동),052-266-1188,한방내과
곽명호치과의원,치과의원,울산광역시 남구 수암로 117 (신정동),052-267-2804,구강악안면외과 치과보철과 치과교정과 소아치과 치주과 치과보존과 구강내과 영상치의학과 예방치과 통합치의학과
오상한의원,한의원,울산광역시 남구 문수로 367 (옥동),052-267-3393,한방내과 한방부인과 한방소아과 한방안·이비인후·피부과 한방신경정신과 한방재활의학과 사상체질과 침구과
올바른치과의원,치과의원,"울산광역시 남구 삼산중로74번길 7, 3,4층 (삼산동)",052-269-3399,치과
상아치과의원,치과의원,"울산광역시 남구 대학로 138, 4층 (무거동, 신정빌딩)",052-277-5417,치과
양이비인후과의원,의원,"울산광역시 남구 수암로 105, 2층 (신정동)",052-267-9200,이비인후과
이태현치과의원,치과의원,"울산광역시 남구 삼산로 74, 2층 (달동)",052-268-2838,치과
세브란스치과의원,치과의원,울산광역시 남구 신정로 28-1 (달동),052-269-2875,구강악안면외과 치과보철과 치과교정과 소아치과 치주과 치과보존과 구강내과 영상치의학과 예방치과 통합치의학과
울산의원,의원,울산광역시 남구 정동로 73 (삼산동),052-268-1980,내과
윤비뇨기과의원,의원,울산광역시 남구 중앙로 243 (신정동),052-268-6363,비뇨의학과
경희힘찬한의원,한의원,울산광역시 남구 문수로 406 (신정동),052-275-7771,한방내과 한방부인과 한방소아과 한방안·이비인후·피부과 한방신경정신과 한방재활의학과 사상체질과 침구과
대명한의원,한의원,울산광역시 남구 수암로 108-1 (신정동),052-273-6488,침구과 사상체질과 한방재활의학과 한방신경정신과 한방안·이비인후·피부과 한방소아과 한방부인과 한방내과
보령의원,의원,울산광역시 남구 문수로369번길 3 (옥동),052-271-0991,내과
박화정의원,의원,"울산광역시 남구 중앙로 286-1, 2층 (신정동)",052-274-5600,피부과
고든정형외과의원,의원,"울산광역시 남구 번영로 115, 경남은행 달동지점 (달동)",052-258-3390,정형외과
김안과의원,의원,울산광역시 남구 삼산로 12 (신정동),052-271-8272,안과
노성환치과의원,치과의원,"울산광역시 남구 삼산로 15, 3층 (신정동)",052-267-5017,치과
천일한의원,한의원,울산광역시 남구 남부순환도로 37 (무거동),052-277-3460,한방내과
춘인당한의원,한의원,울산광역시 남구 중앙로 295 (신정동),052-265-5285,침구과 한방내과
홍제한의원,한의원,"울산광역시 남구 봉월로 18, 2층 (신정동)",052-267-0064,침구과 한방안·이비인후·피부과 한방소아과 한방부인과 한방내과
박원대내과의원,의원,울산광역시 남구 중앙로 241 (신정동),052-271-1240,내과
유림한의원,한의원,"울산광역시 남구 번영로 96, 3층 (달동)",052-274-1980,침구과 한방신경정신과 한방안·이비인후·피부과 한방부인과 한방내과
박성구치과의원,치과의원,울산광역시 남구 중앙로 268 (신정동),052-271-0340,치과
인제한의원,한의원,울산광역시 남구 월평로 10-1 (신정동),052-271-6661,침구과 사상체질과 한방재활의학과 한방신경정신과 한방안·이비인후·피부과 한방소아과 한방부인과 한방내과
이병우치과교정과치과의원,치과의원,"울산광역시 남구 삼산로 26, 3층 301호 (신정동, 공업탑 하트랜드)",052-271-6817,예방치과 구강병리과 영상치의학과 구강내과 치과보존과 치주과 소아치과 치과교정과 치과보철과 구강악안면외과
늘푸른동산한의원,한의원,울산광역시 남구 문수로 350 (옥동),052-276-1940,침구과 사상체질과 한방재활의학과 한방신경정신과 한방안·이비인후·피부과 한방소아과 한방부인과 한방내과
울산광역시남구보건소,보건소,"울산광역시 남구 삼산중로 132 (삼산동, 울산남구보건소)",052-226-2805,내과
현수한의원,한의원,울산광역시 남구 울밀로 2896 (무거동),052-224-0513,침구과 사상체질과 한방재활의학과 한방신경정신과 한방안·이비인후·피부과 한방소아과 한방부인과 한방내과
동제한의원,한의원,"울산광역시 남구 삼산로156번길 5-74, 2층 (달동, 현대2차아파트 상가)",052-268-5757,한방내과
김태근치과의원,치과의원,"울산광역시 남구 중앙로 16, 울산축협 신선지소 2층 (야음동)",052-272-6862,치과
경주한의원,한의원,울산광역시 남구 수암로 235-1 (야음동),052-275-8008,침구과 사상체질과 한방재활의학과 한방신경정신과 한방안·이비인후·피부과 한방소아과 한방부인과 한방내과
로타리치과의원,치과의원,"울산광역시 남구 대공원로 241, 2층 209호~210호 (신정동, 대공원코오롱파크폴리스)",052-275-1334,통합치의학과 예방치과 영상치의학과 구강내과 치과보존과 치주과 소아치과 치과보철과 구강악안면외과
전학명치과의원,치과의원,"울산광역시 남구 봉월로 63, 4층 (신정동)",052-273-5178,치과
문치과의원,치과의원,울산광역시 남구 삼산로 5 (신정동),052-275-2727,치과
신현철치과의원,치과의원,울산광역시 남구 수암로 110-1 (신정동),052-274-5567,치과
이동욱치과의원,치과의원,울산광역시 남구 수암로 232 (야음동),052-273-7229,치과
이치과의원,치과의원,울산광역시 남구 중앙로 241 (신정동),052-273-5504,치과
