시설명,시설유형,소재지도로명주소,소재지지번주소,위도,경도,영업상태명,전화번호,건립일자,건물면적,관리기관명,데이터기준일자,제공기관코드,제공기관명
화봉주공1단지경로당,경로당,울산광역시 북구 화산로 33 (화봉동),울산광역시 북구 화봉동 1338,35.59597372,129.3659867,영업,,2009-10-21,,울산광역시 북구청,2026-08-03,3720000,울산광역시 북구
화봉주공2단지경로당,경로당,울산광역시 북구 화산로 36 (화봉동),울산광역시 북구 화봉동 1440,35.59523623,129.3667289,영업,,2009-09-28,,울산광역시 북구청,2026-08-03,3720000,울산광역시 북구
매곡푸르지오1단지경로당,경로당,울산광역시 북구 신천로 92 (매곡동),울산광역시 북구 매곡동 842,35.64599364,129.3535745,영업,,2008-09-29,,울산광역시 북구청,2026-08-03,3720000,울산광역시 북구
매곡에듀파크에일린의뜰경로당,경로당,울산광역시 북구 신천로 103 (매곡동),울산광역시 북구 매곡동 966,35.64674851,129.3504896,영업,,2022-08-22,,울산광역시 북구청,2026-08-03,3720000,울산광역시 북구
매곡경로당,경로당,울산광역시 북구 매곡본길 37-1 (매곡동),울산광역시 북구 매곡동 711-2,35.63978136,129.3589357,영업,,1989-05-30,,울산광역시 북구청,2026-08-03,3720000,울산광역시 북구
디아채경로당,경로당,울산광역시 북구 중산동로 37 (중산동),울산광역시 북구 중산동 200,35.65509391,129.3514201,영업,,2009-01-15,,울산광역시 북구청,2026-08-03,3720000,울산광역시 북구
두부곡경로당,경로당,울산광역시 북구 두부곡16길 5-1(연암동),울산광역시 북구 연암동 1182-2,35.58534692,129.3644843,영업,,1989-06-01,,울산광역시 북구청,2026-08-03,3720000,울산광역시 북구
동호계경로당,경로당,울산광역시 북구 동대10길 5 (호계동),울산광역시 북구 호계동 284-13,35.6287442,129.3560197,영업,,2014-07-18,,울산광역시 북구청,2026-08-03,3720000,울산광역시 북구
동아청구경로당,경로당,울산광역시 북구 상방로 81 (화봉동),울산광역시 북구 화봉동 452,35.58982765,129.3668102,영업,,1995-05-09,,울산광역시 북구청,2026-08-03,3720000,울산광역시 북구
동산경로당,경로당,울산광역시 북구 동산길 100-1 (상안동),울산광역시 북구 상안동 1012-6,35.61627257,129.3297243,영업,,1998-02-19,,울산광역시 북구청,2026-08-03,3720000,울산광역시 북구
대하그린파크경로당,경로당,울산광역시 북구 매곡본길 28 (매곡동),울산광역시 북구 매곡동 682,35.63972247,129.3580046,영업,,1999-09-11,,울산광역시 북구청,2026-08-03,3720000,울산광역시 북구
대우아파트경로당,경로당,울산광역시 북구 상방로 65 (화봉동),울산광역시 북구 화봉동 426,35.59160265,129.3651618,영업,,2005-12-27,,울산광역시 북구청,2026-08-03,3720000,울산광역시 북구
대암파크랜드경로당,경로당,울산광역시 북구 이화1길 29 (중산동),울산광역시 북구 중산동 688-3,35.66234643,129.342819,영업,,2019-06-24,,울산광역시 북구청,2026-08-03,3720000,울산광역시 북구
대암아파트경로당,경로당,울산광역시 북구 이화2길 15 (중산동),울산광역시 북구 중산동 533,35.66337204,129.3414508,영업,,2002-10-12,,울산광역시 북구청,2026-08-03,3720000,울산광역시 북구
대안경로당,경로당,울산광역시 북구 대안3길 42-6 (대안동),울산광역시 북구 대안동 227,35.65033243,129.4186465,영업,,1989-05-30,,울산광역시 북구청,2026-08-03,3720000,울산광역시 북구
대리경로당,경로당,울산광역시 북구 송정33길 10 (송정동),울산광역시 북구 송정동 461-1,35.59877695,129.3627328,영업,,2021-02-02,,울산광역시 북구청,2026-08-03,3720000,울산광역시 북구
대동2차아파트경로당,경로당,울산광역시 북구 천곡길 183 (천곡동),울산광역시 북구 천곡동 940-10,35.63814209,129.3263045,영업,,2002-01-11,,울산광역시 북구청,2026-08-03,3720000,울산광역시 북구
대동1차한마음경로당,경로당,울산광역시 북구 천곡길 165 (천곡동),울산광역시 북구 천곡동 940-6,35.63855364,129.3269176,영업,,1998-08-06,,울산광역시 북구청,2026-08-03,3720000,울산광역시 북구
당사경로당,경로당,울산광역시 북구 용바위1길 44-1 (당사동),울산광역시 북구 당사동 504-1,35.5820407,129.4562251,영업,,2005-12-27,,울산광역시 북구청,2026-08-03,3720000,울산광역시 북구
달천아이파크2단지경로당,경로당,울산광역시 북구 달천로 103-20 (달천동),울산광역시 북구 달천동 887,35.6324125,129.327223,영업,,2008-12-10,,울산광역시 북구청,2026-08-03,3720000,울산광역시 북구
달천아이파크1단지경로당,경로당,울산광역시 북구 달천로 50 (달천동),울산광역시 북구 달천동 1-5,35.63541667,129.3320247,영업,,2008-11-12,,울산광역시 북구청,2026-08-03,3720000,울산광역시 북구
달천경로당,경로당,울산광역시 북구 달천마을안길 3 (달천동),울산광역시 북구 달천동 892-58,35.63052349,129.3143423,영업,,1989-05-30,,울산광역시 북구청,2026-08-03,3720000,울산광역시 북구
달곡경로당,경로당,울산광역시 북구 달곡1길 71 (무룡동),울산광역시 북구 무룡동 670-3,35.60827966,129.4263651,영업,,2000-01-12,,울산광역시 북구청,2026-08-03,3720000,울산광역시 북구
농소호계경로당,경로당,울산광역시 북구 호계3길 26 (호계동),울산광역시 북구 호계동 671-7,35.62441384,129.3568458,영업,,1989-03-30,,울산광역시 북구청,2026-08-03,3720000,울산광역시 북구
남정자경로당,경로당,울산광역시 북구 정자1길 7 (정자동),울산광역시 북구 정자동 621-8,35.61445849,129.4495641,영업,,1989-05-30,,울산광역시 북구청,2026-08-03,3720000,울산광역시 북구
금천경로당,경로당,울산광역시 북구 아름1길 24-1 (어물동),울산광역시 북구 어물동 58,35.58018095,129.4499832,영업,,1997-11-11,,울산광역시 북구청,2026-08-03,3720000,울산광역시 북구
극동스타클래스경로당,경로당,울산광역시 북구 신천로 27 (신천동),울산광역시 북구 신천동 530-1,35.64032266,129.3469657,영업,,2008-05-06,,울산광역시 북구청,2026-08-03,3720000,울산광역시 북구
그린카운티2차경로당,경로당,울산광역시 북구 달천로 109 (달천동),울산광역시 북구 달천동 107-1,35.63276469,129.3257182,영업,,2017-07-06,,울산광역시 북구청,2026-08-03,3720000,울산광역시 북구
구암경로당,경로당,울산광역시 북구 동해안로 780 (어물동),울산광역시 북구 어물동 1349,35.57500769,129.4524989,영업,,1992-01-13,,울산광역시 북구청,2026-08-03,3720000,울산광역시 북구
구남경로당,경로당,울산광역시 북구 구남1길 10-1 (신현동),울산광역시 북구 신현동 391-1,35.59254395,129.428328,영업,,1999-06-22,,울산광역시 북구청,2026-08-03,3720000,울산광역시 북구
곡리경로당,경로당,울산광역시 북구 저수지길 72 (송정동),울산광역시 북구 송정동 256,35.60570639,129.364264,영업,,1999-09-07,,울산광역시 북구청,2026-08-03,3720000,울산광역시 북구
경동그린경로당,경로당,울산광역시 북구 약수9길 16 (중산동),울산광역시 북구 중산동 1028,35.64842104,129.3407884,영업,,2018-04-05,,울산광역시 북구청,2026-08-03,3720000,울산광역시 북구
가대경로당,경로당,울산광역시 북구 농서로 674 (가대동),울산광역시 북구 가대동 288-2,35.60440949,129.3138898,영업,,1996-08-20,,울산광역시 북구청,2026-08-03,3720000,울산광역시 북구
송정경로당,경로당,울산광역시 북구 지당3길 21 (송정동),울산광역시 북구 송정동 801-10,35.60297502,129.356565,영업,,1985-12-24,,울산광역시 북구청,2026-08-03,3720000,울산광역시 북구
송정LH1단지경로당,경로당,울산광역시 북구 박상진4로 56 (화봉동),울산광역시 북구 화봉동 1491-2,35.59938671,129.3683104,영업,,2020-09-01,,울산광역시 북구청,2026-08-03,3720000,울산광역시 북구
성혜경로당,경로당,울산광역시 북구 안시례길 2(시례동),울산광역시 북구 시례동 608-31,35.59629547,129.3450648,영업,,1996-10-23,,울산광역시 북구청,2026-08-03,3720000,울산광역시 북구
성원아파트경로당,경로당,울산광역시 북구 화봉로 54 (연암동),울산광역시 북구 연암동 402-1,35.58685163,129.3638619,영업,,1996-12-01,,울산광역시 북구청,2026-08-03,3720000,울산광역시 북구
성원상떼빌아파트경로당,경로당,울산광역시 북구 염포로 685 (염포동),울산광역시 북구 염포동 326,35.53197913,129.3929971,영업,,2005-04-26,,울산광역시 북구청,2026-08-03,3720000,울산광역시 북구
성우현대경로당,경로당,울산광역시 북구 호계로 313 (신천동),울산광역시 북구 신천동 346-5,35.63084045,129.3503692,영업,,1998-08-06,,울산광역시 북구청,2026-08-03,3720000,울산광역시 북구
성내경로당,경로당,울산광역시 북구 성내2길 9-1 (염포동),울산광역시 북구 염포동 995-12,35.52420442,129.40153,영업,,1989-06-01,,울산광역시 북구청,2026-08-03,3720000,울산광역시 북구
서희스타힐스경로당,경로당,울산광역시 북구 산하중앙3로 142 (산하동),울산광역시 북구 산하동 969-1,35.63747285,129.4389637,영업,,2017-05-26,,울산광역시 북구청,2026-08-03,3720000,울산광역시 북구
상연암경로당,경로당,울산광역시 북구 상연암길 15-1 (연암동),울산광역시 북구 연암동 209-80,35.57844246,129.3736993,영업,,1992-06-15,,울산광역시 북구청,2026-08-03,3720000,울산광역시 북구
상안경로당,경로당,울산광역시 북구 동산길 2 (상안동),울산광역시 북구 상안동 695-4,35.62137214,129.3371829,영업,,1995-03-06,,울산광역시 북구청,2026-08-03,3720000,울산광역시 북구
상방경로당,경로당,울산광역시 북구 상방5길 29 (연암동),울산광역시 북구 연암동 483,35.58221552,129.3668193,영업,,1989-06-01,,울산광역시 북구청,2026-08-03,3720000,울산광역시 북구
삼통경로당,경로당,울산광역시 북구 원연암1길 17-6 (연암동),울산광역시 북구 연암동 747-10,35.57311735,129.3613979,영업,,1997-03-10,,울산광역시 북구청,2026-08-03,3720000,울산광역시 북구
삼우타운경로당,경로당,울산광역시 북구 화정1길 28 (중산동),울산광역시 북구 중산동 730,35.65841619,129.3430034,영업,,2001-09-29,,울산광역시 북구청,2026-08-03,3720000,울산광역시 북구
삼성코아루경로당,경로당,울산광역시 북구 천곡남로 37 (천곡동),울산광역시 북구 천곡동 418,35.63300718,129.3327921,영업,,2006-06-01,,울산광역시 북구청,2026-08-03,3720000,울산광역시 북구
사청경로당,경로당,울산광역시 북구 송내1길 15 (화봉동),울산광역시 북구 화봉동 445-1,35.58943549,129.3648249,영업,,2007-03-09,,울산광역시 북구청,2026-08-03,3720000,울산광역시 북구
블루마시티KCC스위첸경로당,경로당,울산광역시 북구 산하중앙1로 6 (산하동),울산광역시 북구 산하동 1037-1,35.62551237,129.4414411,영업,,2023-01-30,,울산광역시 북구청,2026-08-03,3720000,울산광역시 북구
블루마시티2차푸르지오경로당,경로당,울산광역시 북구 강동산하2로 43 (산하동),울산광역시 북구 산하동 1033-1,35.62445862,129.4367026,영업,,2015-11-27,,울산광역시 북구청,2026-08-03,3720000,울산광역시 북구
블루마시티1차푸르지오경로당,경로당,울산광역시 북구 강동산하5로 66 (산하동),울산광역시 북구 산하동 968-1,35.63809509,129.4353538,영업,,2015-10-27,,울산광역시 북구청,2026-08-03,3720000,울산광역시 북구
북정자경로당,경로당,울산광역시 북구 정자1길 60-1 (정자동),울산광역시 북구 정자동 642,35.61860249,129.450423,영업,,1992-01-13,,울산광역시 북구청,2026-08-03,3720000,울산광역시 북구
벽산아진(블루밍)아파트경로당,경로당,울산광역시 북구 동해안로 1502 (정자동),울산광역시 북구 정자동 3,35.61990115,129.4477644,영업,,2001-02-28,,울산광역시 북구청,2026-08-03,3720000,울산광역시 북구
벽산경로당,경로당,울산광역시 북구 상방로 160 (연암동),울산광역시 북구 연암동 415,35.58335123,129.3654736,영업,,1995-03-16,,울산광역시 북구청,2026-08-03,3720000,울산광역시 북구
백산그린타워경로당,경로당,울산광역시 북구 화정1길 12-2 (중산동),울산광역시 북구 중산동 736,35.65670896,129.3429401,영업,,2002-03-06,,울산광역시 북구청,2026-08-03,3720000,울산광역시 북구
반도유보라경로당,경로당,울산광역시 북구 화산로 104 (송정동),울산광역시 북구 송정동 1237-2,35.60151097,129.3664285,영업,,2021-07-07,,울산광역시 북구청,2026-08-03,3720000,울산광역시 북구
문화청솔경로당,경로당,울산광역시 북구 호계로 327-8 (신천동),울산광역시 북구 신천동 317-5,35.63248599,129.3494384,영업,,1999-04-27,,울산광역시 북구청,2026-08-03,3720000,울산광역시 북구
무지개아파트경로당,경로당,울산광역시 북구 제내5길 28 (신천동),울산광역시 북구 신천동 244,35.63512071,129.3514472,영업,,2001-11-01,,울산광역시 북구청,2026-08-03,3720000,울산광역시 북구
무지개2차아파트경로당,경로당,울산광역시 북구 제내5길 30 (신천동),울산광역시 북구 신천동 250-1,35.63553059,129.3517291,영업,,2009-07-17,,울산광역시 북구청,2026-08-03,3720000,울산광역시 북구
무룡경로당,경로당,울산광역시 북구 두부곡1길 25 (연암동),울산광역시 북구 연암동 378,35.58425629,129.368571,영업,,2001-02-10,,울산광역시 북구청,2026-08-03,3720000,울산광역시 북구
명촌주공경로당,경로당,울산광역시 북구 명촌로 94 (명촌동),울산광역시 북구 명촌동 758-5,35.55461579,129.352065,영업,,2003-09-18,,울산광역시 북구청,2026-08-03,3720000,울산광역시 북구
명촌경로당,경로당,울산광역시 북구 명촌17길 21 (명촌동),울산광역시 북구 명촌동 700-3,35.55871679,129.3544347,영업,,2018-07-06,,울산광역시 북구청,2026-08-03,3720000,울산광역시 북구
매곡휴먼시아경로당,경로당,울산광역시 북구 신천로 60 (매곡동),울산광역시 북구 매곡동 857,35.64381735,129.351652,영업,,2010-06-11,,울산광역시 북구청,2026-08-03,3720000,울산광역시 북구
매곡현대경로당,경로당,울산광역시 북구 매곡1로 13 (매곡동),울산광역시 북구 매곡동 532,35.64257339,129.3542789,영업,,1999-10-22,,울산광역시 북구청,2026-08-03,3720000,울산광역시 북구
매곡푸르지오2단지경로당,경로당,울산광역시 북구 매곡1로 17 (매곡동),울산광역시 북구 매곡동 855,35.64314381,129.353036,영업,,2008-11-12,,울산광역시 북구청,2026-08-03,3720000,울산광역시 북구
우가경로당,경로당,울산광역시 북구 동해안로 1114 (당사동),울산광역시 북구 당사동 116-5,35.59566512,129.4629097,영업,,2000-08-14,,울산광역시 북구청,2026-08-03,3720000,울산광역시 북구
오토밸리효성경로당,경로당,울산광역시 북구 신천로 105 (신천동),울산광역시 북구 매곡동 917,35.64706042,129.3530613,영업,,2019-10-24,,울산광역시 북구청,2026-08-03,3720000,울산광역시 북구
오치골경로당,경로당,울산광역시 북구 오치골1길 10-3 (양정동),울산광역시 북구 양정동 484-51,35.54597095,129.3854558,영업,,2015-08-21,,울산광역시 북구청,2026-08-03,3720000,울산광역시 북구
엘지진로경로당,경로당,울산광역시 북구 두부곡4길 17 (연암동),울산광역시 북구 연암동 370,35.58558369,129.3674905,영업,,1996-03-15,,울산광역시 북구청,2026-08-03,3720000,울산광역시 북구
에일린의뜰2차경로당,경로당,울산광역시 북구 호계매곡1로 32 (매곡동),울산광역시 북구 매곡동 895,35.63618784,129.3628915,영업,,2024-10-30,,울산광역시 북구청,2026-08-03,3720000,울산광역시 북구
에일린의뜰1차경로당,경로당,울산광역시 북구 호계매곡1로 31 (매곡동),울산광역시 북구 매곡동 896,35.63689536,129.3641019,영업,,2018-08-14,,울산광역시 북구청,2026-08-03,3720000,울산광역시 북구
양정힐스테이트경로당,경로당,울산광역시 북구 염포로 459 (양정동),울산광역시 북구 양정동 500-33,35.55198272,129.3831246,영업,,2008-01-11,,울산광역시 북구청,2026-08-03,3720000,울산광역시 북구
양정힐스테이트2차경로당,경로당,울산광역시 북구 양정4길 15 (양정동),울산광역시 북구 양정동 802,35.54461247,129.3866195,영업,,2011-03-30,,울산광역시 북구청,2026-08-03,3720000,울산광역시 북구
양정경로당,경로당,울산광역시 북구 양정1길 39 (양정동),울산광역시 북구 양정동 산 109,35.54347182,129.3883445,영업,,1992-10-16,,울산광역시 북구청,2026-08-03,3720000,울산광역시 북구
약수제일경로당,경로당,울산광역시 북구 약수9길 20 (중산동),울산광역시 북구 중산동 1010-1,35.64774045,129.3403173,영업,,1995-03-06,,울산광역시 북구청,2026-08-03,3720000,울산광역시 북구
약수경로당,경로당,울산광역시 북구 약수2길 39-3 (중산동),울산광역시 북구 중산동 932-4,35.64820596,129.3474051,영업,,2002-10-28,,울산광역시 북구청,2026-08-03,3720000,울산광역시 북구
쌍용4단지경로당,경로당,울산광역시 북구 천곡남로 38 (천곡동),울산광역시 북구 천곡동 410-1,35.6310703,129.3353436,영업,,1999-07-15,,울산광역시 북구청,2026-08-03,3720000,울산광역시 북구
쌍용3단지경로당,경로당,울산광역시 북구 아진로 115 (상안동),울산광역시 북구 천곡동 411,35.62997612,129.336042,영업,,1997-09-08,,울산광역시 북구청,2026-08-03,3720000,울산광역시 북구
쌍용2단지경로당,경로당,울산광역시 북구 아진로 75 (상안동),울산광역시 북구 상안동 381-1,35.63055214,129.3391388,영업,,1997-02-25,,울산광역시 북구청,2026-08-03,3720000,울산광역시 북구
쌍용1단지경로당,경로당,울산광역시 북구 아진로 42 (상안동),울산광역시 북구 상안동 358-1,35.63040958,129.3413926,영업,,1997-02-25,,울산광역시 북구청,2026-08-03,3720000,울산광역시 북구
신천효성해링턴경로당,경로당,울산광역시 북구 신천로 26 (신천동),울산광역시 북구 신천동 799,35.64139171,129.3510729,영업,,2019-07-01,,울산광역시 북구청,2026-08-03,3720000,울산광역시 북구
신천엠코타운경로당,경로당,울산광역시 북구 신천소공원로 15 (신천동),울산광역시 북구 신천동 786,35.6452173,129.3473031,영업,,2011-03-29,,울산광역시 북구청,2026-08-03,3720000,울산광역시 북구
신천(냉천)경로당,경로당,울산광역시 북구 찬샘1길 19 (신천동),울산광역시 북구 신천동 481-10,35.63833679,129.3478469,영업,,1989-05-30,,울산광역시 북구청,2026-08-03,3720000,울산광역시 북구
신전경로당(염포),경로당,울산광역시 북구 새장터5길 7-3 (염포동),울산광역시 북구 염포동 136-2,35.5362564,129.3893589,영업,,1989-06-01,,울산광역시 북구청,2026-08-03,3720000,울산광역시 북구
신전경로당(강동),경로당,울산광역시 북구 신전길 10 (신현동),울산광역시 북구 신현동 224,35.59749959,129.4316033,영업,,1999-12-04,,울산광역시 북구청,2026-08-03,3720000,울산광역시 북구
신명경로당,경로당,울산광역시 북구 동해안로 1795-4 (신명동),울산광역시 북구 신명동 147-3,35.6440654,129.4402645,영업,,1994-06-22,,울산광역시 북구청,2026-08-03,3720000,울산광역시 북구
신동아파트경로당,경로당,울산광역시 북구 호계로 371 (신천동),울산광역시 북구 신천동 430-1,35.63560995,129.3476857,영업,,2000-07-31,,울산광역시 북구청,2026-08-03,3720000,울산광역시 북구
신기경로당,경로당,울산광역시 북구 매곡로 125-4 (매곡동),울산광역시 북구 매곡동 596-4,35.64371065,129.3563253,영업,,1997-01-23,,울산광역시 북구청,2026-08-03,3720000,울산광역시 북구
시장2리경로당,경로당,울산광역시 북구 호계9길 12 (호계동),울산광역시 북구 호계동 716-13,35.62631175,129.3537712,영업,,1998-08-06,,울산광역시 북구청,2026-08-03,3720000,울산광역시 북구
시장1리경로당,경로당,울산광역시 북구 호계5길 14-2 (호계동),울산광역시 북구 호계동 936-279,35.62445078,129.3552757,영업,,1989-05-30,,울산광역시 북구청,2026-08-03,3720000,울산광역시 북구
시례경로당,경로당,울산광역시 북구 창좌길 32 (시례동),울산광역시 북구 시례동 63,35.60821979,129.3446334,영업,,1997-09-08,,울산광역시 북구청,2026-08-03,3720000,울산광역시 북구
숲속의더유엘경로당,경로당,울산광역시 북구 심청골길 16(염포동),울산광역시 북구 염포동 20,35.54282269,129.3952509,영업,,2026-01-22,,울산광역시 북구청,2026-08-03,3720000,울산광역시 북구
수성경로당,경로당,울산광역시 북구 호계7길 59 (호계동),울산광역시 북구 호계동 936-87,35.62717524,129.3594237,영업,,1993-08-11,,울산광역시 북구청,2026-08-03,3720000,울산광역시 북구
수동경로당,경로당,울산광역시 북구 호계2길 54-3 (호계동),울산광역시 북구 호계동 590-6,35.62539909,129.3599439,영업,,2001-01-17,,울산광역시 북구청,2026-08-03,3720000,울산광역시 북구
송정호반베르디움경로당,경로당,울산광역시 북구 박상진3로 5 (송정동),울산광역시 북구 송정동 1207-2,35.60220109,129.3615714,영업,,2026-04-09,,울산광역시 북구청,2026-08-03,3720000,울산광역시 북구
송정하우스디경로당,경로당,울산광역시 북구 화산로 140 (송정동),울산광역시 북구 송정동 1236-3,35.60515912,129.3658091,영업,,2020-12-30,,울산광역시 북구청,2026-08-03,3720000,울산광역시 북구
송정제일풍경채경로당,경로당,울산광역시 북구 박상진3로 73 (송정동),울산광역시 북구 송정동 1236-4,35.60451786,129.3679864,영업,,2022-05-20,,울산광역시 북구청,2026-08-03,3720000,울산광역시 북구
한양수자인2차경로당,경로당,울산광역시 북구 호수중앙로 15-22 (호계동),울산광역시 북구 호계동 886-8,35.62174546,129.3578649,영업,,2020-06-01,,울산광역시 북구청,2026-08-03,3720000,울산광역시 북구
한라효연경로당,경로당,울산광역시 북구 약수9길 4-5 (중산동),울산광역시 북구 중산동 1070-2,35.64913604,129.340611,영업,,2003-10-28,,울산광역시 북구청,2026-08-03,3720000,울산광역시 북구
한라신천지타운경로당,경로당,울산광역시 북구 갈밭길 1(신천동),울산광역시 북구 신천동 394-1,35.63442855,129.3482607,영업,,2006-04-24,,울산광역시 북구청,2026-08-03,3720000,울산광역시 북구
한라비발디경로당,경로당,울산광역시 북구 박상진2로 121 (화봉동),울산광역시 북구 화봉동 1492-2,35.59872252,129.367024,영업,,2020-01-20,,울산광역시 북구청,2026-08-03,3720000,울산광역시 북구
평창리비에르3차경로당,경로당,울산광역시 북구 명촌15길 10 (명촌동),울산광역시 북구 명촌동 684,35.55407037,129.3548847,영업,,2004-04-22,,울산광역시 북구청,2026-08-03,3720000,울산광역시 북구
평창리비에르2차경로당,경로당,울산광역시 북구 명촌로 91 (명촌동),울산광역시 북구 명촌동 790-1,35.55283269,129.3547645,영업,,2003-09-19,,울산광역시 북구청,2026-08-03,3720000,울산광역시 북구
평창리비에르1차경로당,경로당,울산광역시 북구 명촌10길 22 (명촌동),울산광역시 북구 명촌동 895-3,35.55197533,129.3567884,영업,,2002-07-19,,울산광역시 북구청,2026-08-03,3720000,울산광역시 북구
판지경로당,경로당,울산광역시 북구 판지2길 9-3 (구유동),울산광역시 북구 구유동 317-1,35.61284322,129.456301,영업,,2011-08-25,,울산광역시 북구청,2026-08-03,3720000,울산광역시 북구
청우아파트경로당,경로당,울산광역시 북구 사청1길 37 (화봉동),울산광역시 북구 화봉동 894-1,35.58740381,129.3616146,영업,,2001-07-05,,울산광역시 북구청,2026-08-03,3720000,울산광역시 북구
천곡벽산블루밍아파트경로당,경로당,울산광역시 북구 천곡길 137 (천곡동),울산광역시 북구 천곡동 1136,35.63711995,129.3293607,영업,,2010-12-28,,울산광역시 북구청,2026-08-03,3720000,울산광역시 북구
천곡경로당,경로당,울산광역시 북구 관문길 44-1 (천곡동),울산광역시 북구 천곡동 607-1,35.64289339,129.3294178,영업,,1989-05-30,,울산광역시 북구청,2026-08-03,3720000,울산광역시 북구
차일경로당,경로당,울산광역시 북구 차일2길 47 (창평동),울산광역시 북구 창평동 503-4,35.61708265,129.3623194,영업,,1989-05-30,,울산광역시 북구청,2026-08-03,3720000,울산광역시 북구
중산현대경로당,경로당,울산광역시 북구 이화5길 20 (중산동),울산광역시 북구 중산동 622,35.6628821,129.338269,영업,,1999-06-12,,울산광역시 북구청,2026-08-03,3720000,울산광역시 북구
중리경로당,경로당,울산광역시 북구 중리5길 3 (염포동),울산광역시 북구 염포동 461-7,35.52864391,129.3969967,영업,,1989-06-01,,울산광역시 북구청,2026-08-03,3720000,울산광역시 북구
줌파크경로당,경로당,울산광역시 북구 중산서로19 (중산동),울산광역시 북구 중산동 1277-1,35.6539879,129.348673,영업,,2021-09-24,,울산광역시 북구청,2026-08-03,3720000,울산광역시 북구
주렴경로당,경로당,울산광역시 북구 주렴1길 148 (무룡동),울산광역시 북구 무룡동 562,35.61496809,129.4254303,영업,,1999-11-02,,울산광역시 북구청,2026-08-03,3720000,울산광역시 북구
제전경로당,경로당,울산광역시 북구 구유길 46-5 (구유동),울산광역시 북구 구유동 116,35.60716432,129.4582496,영업,,1992-01-13,,울산광역시 북구청,2026-08-03,3720000,울산광역시 북구
제내경로당,경로당,울산광역시 북구 제내1길 32-1 (신천동),울산광역시 북구 신천동 289-2,35.63305119,129.3529927,영업,,1992-01-13,,울산광역시 북구청,2026-08-03,3720000,울산광역시 북구
정림은하수타운경로당,경로당,울산광역시 북구 매곡1로 5 (매곡동),울산광역시 북구 매곡동 542-22,35.64244687,129.3547033,영업,,2006-09-03,,울산광역시 북구청,2026-08-03,3720000,울산광역시 북구
장등경로당,경로당,울산광역시 북구 장등길 59 (신현동),울산광역시 북구 신현동 695-1,35.60254828,129.4246656,영업,,2005-02-16,,울산광역시 북구청,2026-08-03,3720000,울산광역시 북구
일지리버아파트경로당,경로당,울산광역시 북구 천곡길 51-6 (천곡동),울산광역시 북구 천곡동 1020-21,35.63740447,129.3390708,영업,,2005-12-27,,울산광역시 북구청,2026-08-03,3720000,울산광역시 북구
일동미라주2단지경로당,경로당,울산광역시 북구 중산로 47 (중산동),울산광역시 북구 중산동 1317-3,35.65184913,129.354995,영업,,2020-06-25,,울산광역시 북구청,2026-08-03,3720000,울산광역시 북구
일동미라주1단지경로당,경로당,울산광역시 북구 중산로 48 (중산동),울산광역시 북구 중산동 1318,35.65187939,129.3529568,영업,,2023-05-23,,울산광역시 북구청,2026-08-03,3720000,울산광역시 북구
이화정경로당,경로당,울산광역시 북구 이화5길 63 (중산동),울산광역시 북구 중산동 1166-18,35.66583564,129.3385417,영업,,2005-02-14,,울산광역시 북구청,2026-08-03,3720000,울산광역시 북구
이화경로당,경로당,울산광역시 북구 이화1길 1-5 (중산동),울산광역시 북구 중산동 682-2,35.66273456,129.3406861,영업,,1989-05-30,,울산광역시 북구청,2026-08-03,3720000,울산광역시 북구
율동위드유경로당,경로당,울산광역시 북구 율동로 68(효문동),울산광역시 북구 효문동 1054,35.56179155,129.3776295,영업,,2026-01-22,,울산광역시 북구청,2026-08-03,3720000,울산광역시 북구
월드메르디앙 월드시티2단지경로당,경로당,울산광역시 북구 매산로 66 (매곡동),울산광역시 북구 매곡동 865,35.64161021,129.3579143,영업,,2011-09-22,,울산광역시 북구청,2026-08-03,3720000,울산광역시 북구
월드메르디앙 월드시티1단지경로당,경로당,울산광역시 북구 매산로 65 (매곡동),울산광역시 북구 매곡동 864,35.63993628,129.3613794,영업,,2011-10-14,,울산광역시 북구청,2026-08-03,3720000,울산광역시 북구
원지경로당,경로당,울산광역시 북구 중원지2길 21 (창평동),울산광역시 북구 창평동 720,35.60871052,129.3626686,영업,,1994-03-07,,울산광역시 북구청,2026-08-03,3720000,울산광역시 북구
원동현대경로당,경로당,울산광역시 북구 고래로 2 (천곡동),울산광역시 북구 천곡동 402,35.63183966,129.3435629,영업,,1999-02-08,,울산광역시 북구청,2026-08-03,3720000,울산광역시 북구
울산송정LH2단지경로당,경로당,울산광역시 북구 박상진2로 82 (화봉동),울산광역시 북구 화봉동 1486,35.59621562,129.3633722,영업,,2022-04-12,,울산광역시 북구청,2026-08-03,3720000,울산광역시 북구
우방아파트경로당,경로당,울산광역시 북구 천곡길 199 (천곡동),울산광역시 북구 천곡동 940-1,35.63799333,129.3247741,영업,,1999-01-28,,울산광역시 북구청,2026-08-03,3720000,울산광역시 북구
화봉경로당,경로당,울산광역시 북구 송내11길 9 (화봉동),울산광역시 북구 화봉동 635-1,35.59123675,129.362553,영업,,1984-02-14,,울산광역시 북구청,2026-08-03,3720000,울산광역시 북구
화동경로당,경로당,울산광역시 북구 화동15길 18-2 (화봉동),울산광역시 북구 화봉동 356-1,35.59102194,129.3712836,영업,,2005-03-03,,울산광역시 북구청,2026-08-03,3720000,울산광역시 북구
홈골경로당,경로당,울산광역시 북구 호계7길 101(호계동),울산광역시 북구 호계동 936-111,35.6279943,129.3639752,영업,,2005-04-02,,울산광역시 북구청,2026-08-03,3720000,울산광역시 북구
호계청구아파트경로당,경로당,울산광역시 북구 호계로 402 (신천동),울산광역시 북구 신천동 486-1,35.63892066,129.3475284,영업,,2009-02-25,,울산광역시 북구청,2026-08-03,3720000,울산광역시 북구
호계주공2단지경로당,경로당,울산광역시 북구 동대11길 36 (호계동),울산광역시 북구 호계동 263-1,35.63229087,129.3548183,영업,,2009-05-27,,울산광역시 북구청,2026-08-03,3720000,울산광역시 북구
호계주공1단지경로당,경로당,울산광역시 북구 동대12길 30 (호계동),울산광역시 북구 호계동 264,35.63115671,129.3572922,영업,,2005-04-19,,울산광역시 북구청,2026-08-03,3720000,울산광역시 북구
협성노블리스경로당,경로당,울산광역시 북구 호계로 309-20 (신천동),울산광역시 북구 신천동 358-9,35.63084467,129.3489845,영업,,2004-06-29,,울산광역시 북구청,2026-08-03,3720000,울산광역시 북구
현대파크경로당,경로당,울산광역시 북구 신기3길 19-6 (매곡동),울산광역시 북구 매곡동 422-2,35.64504142,129.354473,영업,,1998-11-24,,울산광역시 북구청,2026-08-03,3720000,울산광역시 북구
현대으뜸타운경로당,경로당,울산광역시 북구 매곡본길 54 (매곡동),울산광역시 북구 매곡동 238,35.63835121,129.3597689,영업,,2002-05-10,,울산광역시 북구청,2026-08-03,3720000,울산광역시 북구
현대글로리아경로당,경로당,울산광역시 북구 이화5길 23 (중산동),울산광역시 북구 중산동 617,35.66254121,129.3374123,영업,,1999-09-17,,울산광역시 북구청,2026-08-03,3720000,울산광역시 북구
현대1차아파트경로당,경로당,울산광역시 북구 염포로 645 (염포동),울산광역시 북구 염포동 201,35.53471894,129.3903363,영업,,2010-08-23,,울산광역시 북구청,2026-08-03,3720000,울산광역시 북구
한우리경로당,경로당,울산광역시 북구 상방로 12 (화봉동),울산광역시 북구 화봉동 667-1,35.59032769,129.3587734,영업,,1995-06-02,,울산광역시 북구청,2026-08-03,3720000,울산광역시 북구
한양수자인경로당,경로당,울산광역시 북구 박상진3로 25 (송정동),울산광역시 북구 송정동 1207-3,35.60307399,129.3634423,영업,,2024-05-13,,울산광역시 북구청,2026-08-03,3720000,울산광역시 북구
효성해링턴1단지경로당,경로당,울산광역시 북구 화암7길 5 (산하동),울산광역시 북구 산하동 977-14,35.6341442,129.4381776,영업,,2021-04-26,,울산광역시 북구청,2026-08-03,3720000,울산광역시 북구
효성삼환경로당,경로당,울산광역시 북구 통샘10길 9 (화봉동),울산광역시 북구 화봉동 639-1,35.59144105,129.3587352,영업,,1996-12-04,,울산광역시 북구청,2026-08-03,3720000,울산광역시 북구
효문코오롱하늘채경로당,경로당,울산광역시 북구 율동2길 8 (효문동),울산광역시 북구 효문동 1039,35.56028292,129.3752461,영업,,2018-12-07,,울산광역시 북구청,2026-08-03,3720000,울산광역시 북구
황토전경로당,경로당,울산광역시 북구 황토전길 152 (어물동),울산광역시 북구 어물동 853,35.57955111,129.4316893,영업,,2014-07-11,,울산광역시 북구청,2026-08-03,3720000,울산광역시 북구
화청경로당,경로당,울산광역시 북구 통샘5길 23 (화봉동),울산광역시 북구 화봉동 836-2,35.58999029,129.3619301,영업,,2019-07-01,,울산광역시 북구청,2026-08-03,3720000,울산광역시 북구
화정경로당,경로당,울산광역시 북구 화정3길 6 (중산동),울산광역시 북구 중산동 1166-79,35.66136208,129.34121,영업,,1989-05-30,,울산광역시 북구청,2026-08-03,3720000,울산광역시 북구
화암경로당,경로당,울산광역시 북구 화암길 34 (산하동),울산광역시 북구 산하동 952,35.6342489,129.4422923,영업,,1993-08-11,,울산광역시 북구청,2026-08-03,3720000,울산광역시 북구
화봉휴먼시아경로당,경로당,울산광역시 북구 화산로 19 (화봉동),울산광역시 북구 화봉동 1471,35.59427926,129.3651312,영업,,2009-11-05,,울산광역시 북구청,2026-08-03,3720000,울산광역시 북구
힐스테이트강동경로당,경로당,울산광역시 북구 강동산하5로 52 (산하동),울산광역시 북구 산하동 968-2,35.63780687,129.4369609,영업,,2024-09-09,,울산광역시 북구청,2026-08-03,3720000,울산광역시 북구
신한그린맨션경로당,경로당,"울산광역시 중구 손골9길 38 (복산동, 신한그린맨션)",,35.56488596,129.3241626,영업,,2019-12-18,,울산광역시 중구청,2026-07-01,3690000,울산광역시 중구
손골경로당,경로당,울산광역시 중구 손골9길 46 (복산동),,35.56490187,129.3230014,영업,,2017-09-01,,울산광역시 중구청,2026-07-01,3690000,울산광역시 중구
복산평창아파트 경로당,경로당,울산광역시 중구 복산6길 13 (평창아파트 101동),,35.56160345,129.3252255,영업,,2018-08-13,,울산광역시 중구청,2026-07-01,3690000,울산광역시 중구
동덕현대아파트경로당,경로당,"울산광역시 중구 손골2길 5 (복산동, 동덕현대아파트)",,35.56504112,129.3270481,영업,,2004-07-19,,울산광역시 중구청,2026-07-01,3690000,울산광역시 중구
송학경로당,경로당,울산광역시 중구 서원1길 96 (송학경로당),,35.55921325,129.3388331,영업,,1997-10-11,,울산광역시 중구청,2026-07-01,3690000,울산광역시 중구
구교경로당,경로당,"울산광역시 중구  구교5길  11 , 구교경로당 (반구동)",,35.56355924,129.3393889,영업,,2004-02-10,,울산광역시 중구청,2026-07-01,3690000,울산광역시 중구
e편한세상강변 경로당,경로당,울산광역시 중구 반구로 55,,35.5556312,129.3462775,영업,,2019-12-18,,울산광역시 중구청,2026-07-01,3690000,울산광역시 중구
반구정경로당,경로당,"울산광역시 중구  반구정5길  12 ,  반구경로당 (반구동)",,35.5555417,129.3445053,영업,,1989-06-01,,울산광역시 중구청,2026-07-01,3690000,울산광역시 중구
동리경로당,경로당,"울산광역시 중구  내황길  6 , 동리경로당 (반구동)",,35.55385421,129.3413302,영업,,1989-06-01,,울산광역시 중구청,2026-07-01,3690000,울산광역시 중구
내황경로당,경로당,"울산광역시 중구  내황13길  15 ,  내황경로당 (반구동)",,35.5539662,129.3473249,영업,,1989-06-01,,울산광역시 중구청,2026-07-01,3690000,울산광역시 중구
빌리브울산 경로당,경로당,"울산광역시 중구 구교로 59 2층 (학성동, )",,35.55535479,129.3343189,영업,,2022-06-21,,울산광역시 중구청,2026-07-01,3690000,울산광역시 중구
학성경로당,경로당,울산광역시 중구 구교로 92,,35.55535479,129.3343189,영업,,1989-06-01,,울산광역시 중구청,2026-07-01,3690000,울산광역시 중구
학남어르신집,경로당,울산광역시 중구 학성공원11길 16 (학성동),,35.55346957,129.337593,영업,,1998-04-23,,울산광역시 중구청,2026-07-01,3690000,울산광역시 중구
남운학성아파트경로당,경로당,울산광역시 중구 학성4길 61 (남운학성타운 노인정),,35.55811185,129.3319683,영업,,1993-09-23,,울산광역시 중구청,2026-07-01,3690000,울산광역시 중구
우정혁신 호반베르디움 경로당,경로당,"울산광역시 중구 종가로 140 (태화동, 우정혁신 호반베르디움)",,35.56023293,129.2920448,영업,,2016-03-04,,울산광역시 중구청,2026-07-01,3690000,울산광역시 중구
에일린의뜰3차 아파트 경로당,경로당,울산광역시 중구 종가로 245,,35.56441038,129.3035586,영업,,2017-08-29,,울산광역시 중구청,2026-07-01,3690000,울산광역시 중구
양지동산맨션경로당,경로당,"울산광역시 중구  신기11길  22   (태화동, 양지동산맨션)",,35.55373679,129.2994047,영업,,2004-11-15,,울산광역시 중구청,2026-07-01,3690000,울산광역시 중구
신기경로당,경로당,"울산광역시 중구  태화로  214-1, 신기경로당 (태화동)",,35.55158199,129.2991589,영업,,1989-06-01,,울산광역시 중구청,2026-07-01,3690000,울산광역시 중구
리버스위트 경로당,경로당,울산광역시 중구 화진길 13-2,,35.55484777,129.3086065,영업,,2018-04-11,,울산광역시 중구청,2026-07-01,3690000,울산광역시 중구
동원로얄듀크2차 경로당,경로당,울산광역시 중구 종가4길 10,,35.56168091,129.2932065,영업,,2016-04-19,,울산광역시 중구청,2026-07-01,3690000,울산광역시 중구
길촌경로당,경로당,"울산광역시 중구  길촌길  243-5, 길촌마을회관 (유곡동)",,35.57589,129.2909736,영업,,2006-03-06,,울산광역시 중구청,2026-07-01,3690000,울산광역시 중구
장생경로당,경로당,"울산광역시 중구  우정10길  47-1, 장생경로당 (우정동)",,35.56233986,129.3131527,영업,,2010-10-07,,울산광역시 중구청,2026-07-01,3690000,울산광역시 중구
우정아이파크,경로당,울산광역시 중구 우정2길 45,,35.56152329,129.3096639,영업,,2011-05-17,,울산광역시 중구청,2026-07-01,3690000,울산광역시 중구
우정2차선경아파트,경로당,울산광역시 중구 유곡로 10 (선경2차아파트 관리동),,35.55823668,129.3084547,영업,,1998-05-21,,울산광역시 중구청,2026-07-01,3690000,울산광역시 중구
우정선경1차아파트경로당,경로당,"울산광역시 중구  우정3길  9   (우정동, 선경아파트1차)",,35.55895837,129.3087922,영업,,1996-01-03,,울산광역시 중구청,2026-07-01,3690000,울산광역시 중구
우정어르신집,경로당,울산광역시 중구 시원3길 6 (우정동),,35.55674799,129.3107561,영업,,1978-06-03,,울산광역시 중구청,2026-07-01,3690000,울산광역시 중구
남운아파트 경로당,경로당,울산광역시 중구 우정1길 10 (남운아파트 5동),,35.55966616,129.3136774,영업,,2001-03-22,,울산광역시 중구청,2026-07-01,3690000,울산광역시 중구
롯데캐슬스카이 경로당,경로당,울산광역시 중구 강북로 105,,35.55312219,129.3213956,영업,,2020-02-20,,울산광역시 중구청,2026-07-01,3690000,울산광역시 중구
학산경로당,경로당,울산광역시 중구 옥교3길 70-3,,35.55292798,129.3294571,영업,,1997-08-07,,울산광역시 중구청,2026-07-01,3690000,울산광역시 중구
옥교경로당,경로당,울산광역시 중구 옥골샘8길 19,,35.5531499,129.3230251,영업,,1989-06-01,,울산광역시 중구청,2026-07-01,3690000,울산광역시 중구
엑소디움주상복합경로당,경로당,"울산광역시 중구  강북로  123   (옥교동, 태화강엑소디움)",,35.5531499,129.3230251,영업,,2012-02-28,,울산광역시 중구청,2026-07-01,3690000,울산광역시 중구
성남경로당,경로당,울산광역시 중구 교동 313-2 성남경로당,,35.55989873,129.3213,폐업,,1989-06-01,,울산광역시 중구청,2026-07-01,3690000,울산광역시 중구
북정경로당,경로당,울산광역시 중구 미술관길 31 (북정동),,35.55989873,129.3213,폐업,,1989-06-01,,울산광역시 중구청,2026-07-01,3690000,울산광역시 중구
교동경로당,경로당,울산광역시 중구 한결길 24 (교동),,35.55858316,129.3158547,폐업,,1997-05-12,,울산광역시 중구청,2026-07-01,3690000,울산광역시 중구
풍암경로당,경로당,울산광역시 중구 풍암길 181 (성안동),,35.58980636,129.2917504,영업,,2015-11-25,,울산광역시 중구청,2026-07-01,3690000,울산광역시 중구
성안청구타운아파트경로당,경로당,"울산광역시 중구  함월22길  25   (성안동, 성안청구타운)",,35.57967275,129.3159839,영업,,1997-07-07,,울산광역시 중구청,2026-07-01,3690000,울산광역시 중구
성안경로당,경로당,울산광역시 중구 성안2길 31 (성안경로당),,35.57320145,129.3181386,영업,,1989-06-01,,울산광역시 중구청,2026-07-01,3690000,울산광역시 중구
성동경로당,경로당,울산광역시 중구 성동길 129,,35.58689338,129.3031055,영업,,2007-03-14,,울산광역시 중구청,2026-07-01,3690000,울산광역시 중구
벽산e빌리지아파트경로당,경로당,"울산광역시 중구  함월22길  24   (성안동, 벽산e빌리지)",,35.58043573,129.317012,영업,,2007-01-29,,울산광역시 중구청,2026-07-01,3690000,울산광역시 중구
성안금호타운경로당,경로당,울산광역시 중구 함월5길 35 (성안금호타운 관리소),,35.57578327,129.3045637,영업,,2006-06-08,,울산광역시 중구청,2026-07-01,3690000,울산광역시 중구
경동햇빛마을 경로당,경로당,"울산광역시 중구  함월11길  10   (성안동, 경동햇빛마을)",,35.57464471,129.3068982,영업,,2006-03-28,,울산광역시 중구청,2026-07-01,3690000,울산광역시 중구
번영로센트리지5단지경로당,경로당,울산광역시 중구 복산1길 1 (번영로센트리지),,35.56070807,129.3267282,영업,,2026-03-25,,울산광역시 중구청,2026-07-01,3690000,울산광역시 중구
번영로서한이다음1단지경로당,경로당,"울산광역시 중구 번영로 463 (복산동, )",,35.56421959,129.3330896,영업,,2023-06-14,,울산광역시 중구청,2026-07-01,3690000,울산광역시 중구
신복산경로당,경로당,울산광역시 중구  서원4길  6   (복산동),,35.56244571,129.335441,영업,,2001-10-05,,울산광역시 중구청,2026-07-01,3690000,울산광역시 중구
성지아파트경로당,경로당,울산광역시 중구 도화골길 30 (성지아파트),,35.56723038,129.3301272,영업,,1996-01-13,,울산광역시 중구청,2026-07-01,3690000,울산광역시 중구
새운파래스경로당,경로당,울산광역시 중구 북부순환도로 680 (새운파래스타운 노인정),,35.56793267,129.3323715,영업,,1995-04-03,,울산광역시 중구청,2026-07-01,3690000,울산광역시 중구
복산2경로당,경로당,"울산광역시 중구  도화골8길  14 ,  복산2동경노당 (복산동)",,35.56600778,129.331932,영업,,1996-09-24,,울산광역시 중구청,2026-07-01,3690000,울산광역시 중구
남운럭키경로당,경로당,울산광역시 중구 도화골길 28 (남운럭키맨션 노인정),,35.56830244,129.3309292,영업,,1995-04-03,,울산광역시 중구청,2026-07-01,3690000,울산광역시 중구
동동경로당,경로당,"울산광역시 중구  병영9길  5 , 동동경로당 (동동)",,35.57343117,129.3464376,영업,,1989-06-01,,울산광역시 중구청,2026-07-01,3690000,울산광역시 중구
골드경로당,경로당,"울산광역시 중구 종가로 760 (장현동, 골드클래스)",,35.58830587,129.3455643,영업,,2016-01-27,,울산광역시 중구청,2026-07-01,3690000,울산광역시 중구
KCC스위첸경로당,경로당,"울산광역시 중구 종가로 668-10 (서동, 우정혁신도시 KCC스위첸)",,35.58033762,129.3416779,영업,,2016-10-26,,울산광역시 중구청,2026-07-01,3690000,울산광역시 중구
황방경로당,경로당,울산광역시 중구  동천5길  42-2  (서동),,35.58146196,129.3444201,영업,,2000-01-04,,울산광역시 중구청,2026-07-01,3690000,울산광역시 중구
해오름경로당,경로당,"울산광역시 중구  해오름4길  39 , 해오름경로당 (남외동)",,35.56419877,129.3431239,영업,,2013-03-27,,울산광역시 중구청,2026-07-01,3690000,울산광역시 중구
일신에일린의뜰아파트경로당,경로당,"울산광역시 중구 남외1길 105 (남외동, 일신 에일린의 뜰 아파트)",,35.56750199,129.3495537,영업,,2008-08-14,,울산광역시 중구청,2026-07-01,3690000,울산광역시 중구
삼일아파트경로당,경로당,울산광역시 중구 남외로 88 (병영삼일아파트),,35.56824674,129.3459172,영업,,1998-09-01,,울산광역시 중구청,2026-07-01,3690000,울산광역시 중구
병영1 경로당,경로당,울산광역시 중구  병영3길  10   (남외동),,35.57022317,129.346511,영업,,1995-01-25,,울산광역시 중구청,2026-07-01,3690000,울산광역시 중구
남외푸르지오APT경로당,경로당,"울산광역시 중구  남외3길  33 , 남외푸르지오경로당 (남외동, 관리동)",,35.56494461,129.3490643,영업,,2006-10-13,,울산광역시 중구청,2026-07-01,3690000,울산광역시 중구
남외경로당,경로당,"울산광역시 중구  곽남18길  48 , 남외동경노당 (남외동)",,35.57131577,129.3433682,영업,,1992-09-10,,울산광역시 중구청,2026-07-01,3690000,울산광역시 중구
행운회관경로당,경로당,"울산광역시 중구  다운7길  78 , 다운중앙노인정 (다운동)",,35.56003396,129.265121,영업,,2010-08-24,,울산광역시 중구청,2026-07-01,3690000,울산광역시 중구
태화SK아파트경로당,경로당,"울산광역시 중구  명정3길  24-2  (태화동, 태화SK아파트)",,35.55455977,129.2894309,영업,,2014-02-17,,울산광역시 중구청,2026-07-01,3690000,울산광역시 중구
태화경로당,경로당,"울산광역시 중구  난곡1길  27 , 태화경로당 (태화동)",,35.55580188,129.2830619,영업,,1996-09-10,,울산광역시 중구청,2026-07-01,3690000,울산광역시 중구
명정경로당,경로당,"울산광역시 중구  오산6길  27 , 명정경로당 (태화동)",,35.55230433,129.2909945,영업,,1997-08-07,,울산광역시 중구청,2026-07-01,3690000,울산광역시 중구
다운제일경로당,경로당,"울산광역시 중구  구루미9길  37-1, 다운제일노인회관 (다운동)",,35.55633774,129.2717858,영업,,1999-01-07,,울산광역시 중구청,2026-07-01,3690000,울산광역시 중구
다운아파트,경로당,울산광역시 중구 다운6길 16 (다운아파트 201동),,35.56546064,129.2673399,영업,,1993-09-09,,울산광역시 중구청,2026-07-01,3690000,울산광역시 중구
다운신진,경로당,"울산광역시 중구  구루미6길  46 , 다운신진농민회관 (다운동)",,35.55866653,129.2681802,영업,,1999-01-07,,울산광역시 중구청,2026-07-01,3690000,울산광역시 중구
다운동아큰마을아파트노인회,경로당,"울산광역시 중구  다운로  175   (다운동, 다운동아큰마을아파트)",,35.56825418,129.2656894,영업,,2004-06-28,,울산광역시 중구청,2026-07-01,3690000,울산광역시 중구
다전경로당,경로당,"울산광역시 중구  다운로  164 , 다전노인회관 (다운동)",,35.56728428,129.266379,영업,,1989-06-01,,울산광역시 중구청,2026-07-01,3690000,울산광역시 중구
우정혁신LH3단지경로당,경로당,울산광역시 중구 유곡로 99 (우정혁신엘에이치3단지 304동),,35.55892727,129.2972886,영업,,2025-12-24,,울산광역시 중구청,2026-07-01,3690000,울산광역시 중구
범진그린파크경로당,경로당,"울산광역시 중구 유곡로 51 (태화동, 범진그린파크)",,35.55654695,129.3034524,영업,,1993-06-01,,울산광역시 중구청,2026-07-01,3690000,울산광역시 중구
동원1차경로당,경로당,울산광역시 중구 종가로 250,,35.56293213,129.3040472,영업,,2019-07-23,,울산광역시 중구청,2026-07-01,3690000,울산광역시 중구
희마아파트,경로당,"울산광역시 중구  신기12길  70   (태화동, 희마VIP맨션아파트)",,35.55495051,129.29456,영업,,1998-04-06,,울산광역시 중구청,2026-07-01,3690000,울산광역시 중구
화진경로당,경로당,울산광역시 중구  화진4길  79   (태화동),,35.55562256,129.3038857,영업,,1989-06-01,,울산광역시 중구청,2026-07-01,3690000,울산광역시 중구
한라궁전,경로당,울산광역시 중구 태화로 263 (한라궁전맨션 B동),,35.55403607,129.3033663,영업,,1997-02-25,,울산광역시 중구청,2026-07-01,3690000,울산광역시 중구
평동경로당,경로당,"울산광역시 중구  평동5길  4 , 평동경로당 (유곡동)",,35.55837802,129.3039413,영업,,1989-06-01,,울산광역시 중구청,2026-07-01,3690000,울산광역시 중구
태화선경아파트,경로당,"울산광역시 중구  유곡로  77 , 태화선경아파트 (태화동, 선경맨션)",,35.55828636,129.3007449,영업,,1997-11-10,,울산광역시 중구청,2026-07-01,3690000,울산광역시 중구
동덕현대아파트,경로당,울산광역시 중구 유곡로 55 (동덕현대맨션 노인정),,35.55694392,129.302997,영업,,1998-12-05,,울산광역시 중구청,2026-07-01,3690000,울산광역시 중구
진영동부아파트경로당,경로당,울산광역시 중구 신기12길 38 (동부아파트 노인정),,35.55282334,129.297385,영업,,1994-11-05,,울산광역시 중구청,2026-07-01,3690000,울산광역시 중구
전원아파트,경로당,울산광역시 중구 신기길 31 (전원타운아파트 101동),,35.54996157,129.2920699,영업,,1997-07-07,,울산광역시 중구청,2026-07-01,3690000,울산광역시 중구
유곡푸르지오경로당,경로당,"울산광역시 중구  평동3길  1   (유곡동, 유곡푸르지오아파트)",,35.56097386,129.3051824,영업,,2011-09-30,,울산광역시 중구청,2026-07-01,3690000,울산광역시 중구
유곡e편한세상 경로당,경로당,"울산광역시 중구  평동3길  2   (유곡동, 유곡e편한세상)",,35.55894949,129.3028095,영업,,2010-11-30,,울산광역시 중구청,2026-07-01,3690000,울산광역시 중구
우정혁신LH2단지 경로당,경로당,"울산광역시 중구  종가로  142 , 경로당 (태화동)",,35.55982011,129.2922079,영업,,2015-07-28,,울산광역시 중구청,2026-07-01,3690000,울산광역시 중구
약사경로당,경로당,"울산광역시 중구  평산4길  35 , 약사경로당 (약사동)",,35.57000264,129.3374644,영업,,1989-06-01,,울산광역시 중구청,2026-07-01,3690000,울산광역시 중구
래미안2차 4단지 경로당,경로당,"울산광역시 중구  약사로  15   (약사동, 래미안2차)",,35.56706334,129.3358782,영업,,2005-05-11,,울산광역시 중구청,2026-07-01,3690000,울산광역시 중구
래미안2차3단지 경로당,경로당,"울산광역시 중구  약사로  25   (약사동, 래미안2차)",,35.56876933,129.3346312,영업,,2005-05-11,,울산광역시 중구청,2026-07-01,3690000,울산광역시 중구
래미안1차아파트 경로당,경로당,"울산광역시 중구  약사로  10   (약사동, 래미안1차)",,35.56822079,129.3388208,영업,,2002-05-22,,울산광역시 중구청,2026-07-01,3690000,울산광역시 중구
우정 엘에이치1단지 경로당,경로당,울산광역시 중구 종가로 668-9,,35.58146704,129.3413,영업,,2014-09-30,,울산광역시 중구청,2026-07-01,3690000,울산광역시 중구
에일린의뜰2차아파트경로당,경로당,울산광역시 중구 종가로 730 (에일린의 뜰 2차 아파트 104동),,35.58633622,129.3452151,영업,,2014-07-22,,울산광역시 중구청,2026-07-01,3690000,울산광역시 중구
서동현대아파트경로당,경로당,"울산광역시 중구 동천1길 31 (서동, 서동현대아파트)",,35.583497,129.3461594,영업,,2017-07-05,,울산광역시 중구청,2026-07-01,3690000,울산광역시 중구
서동경로당,경로당,"울산광역시 중구  병영성13길  3 , 서동경로당 (서동)",,35.57436191,129.3438939,영업,,1989-06-01,,울산광역시 중구청,2026-07-01,3690000,울산광역시 중구
서문경로당,경로당,울산광역시 중구 병영성4길 69-1,,35.57754296,129.3421068,영업,,2016-06-21,,울산광역시 중구청,2026-07-01,3690000,울산광역시 중구
산전경로당,경로당,"울산광역시 중구  산전길  94-6, 산전경로회관 (동동)",,35.57647792,129.3505962,영업,,1989-06-01,,울산광역시 중구청,2026-07-01,3690000,울산광역시 중구
북동경로당,경로당,울산광역시 중구  병영8길  55   (동동),,35.57574118,129.3466514,영업,,2001-03-13,,울산광역시 중구청,2026-07-01,3690000,울산광역시 중구
현대파크경로당,경로당,울산광역시 동구 남목13길 38,울산광역시 동구 동부동 668-1,35.54454728,129.4302765,휴업,052-234-3381,1994-09-26,38.0,울산광역시 동구청,2026-08-13,3710000,울산광역시 동구
한라오로라경로당,경로당,울산광역시 동구 동해안로 98,울산광역시 동구 동부동 120-1,35.54466651,129.4321289,영업,052-233-6065,1994-05-01,308.0,울산광역시 동구청,2026-08-13,3710000,울산광역시 동구
주전경로당,경로당,울산광역시 동구 새싹길 23-1,울산광역시 동구 주전동 160-2,35.55918409,129.4563333,영업,052-251-6339,1989-04-08,256.0,울산광역시 동구청,2026-08-13,3710000,울산광역시 동구
영진청구경로당,경로당,울산광역시 동구 남목21길 18,울산광역시 동구 동부동 665,35.54491166,129.4305493,영업,052-252-0980,1991-07-24,75.0,울산광역시 동구청,2026-08-13,3710000,울산광역시 동구
아성경로당,경로당,울산광역시 동구 남목13길 22,울산광역시 동구 동부동 350-1,35.54445109,129.4285179,영업,052-232-8907,1992-07-07,66.0,울산광역시 동구청,2026-08-13,3710000,울산광역시 동구
신안파크경로당,경로당,울산광역시 동구 남목12길 39,울산광역시 동구 동부동 664,35.54624466,129.4302582,영업,052-236-9966,1994-09-05,78.0,울산광역시 동구청,2026-08-13,3710000,울산광역시 동구
쇠평경로당,경로당,울산광역시 동구 쇠평길 120,울산광역시 동구 동부동 519-7,35.55773895,129.4300686,영업,052-235-3100,2013-12-12,137.8,울산광역시 동구청,2026-08-13,3710000,울산광역시 동구
동부패밀리경로당,경로당,울산광역시 동구 안산로 50-1,울산광역시 동구 동부동 156,35.54283032,129.4330068,영업,052-232-2690,1992-08-04,63.0,울산광역시 동구청,2026-08-13,3710000,울산광역시 동구
남목경로당,경로당,울산광역시 동구 남목16길 13-3,울산광역시 동구 동부동 277,35.54318947,129.4268128,영업,052-232-1477,1989-04-08,132.0,울산광역시 동구청,2026-08-13,3710000,울산광역시 동구
현대서부2차경로당,경로당,울산광역시 동구 방어진순환도로 999,울산광역시 동구 서부동 257-30,35.53055688,129.4313302,영업,052-252-3149,1996-05-01,189.0,울산광역시 동구청,2026-08-13,3710000,울산광역시 동구
현대서부1차경로당,경로당,울산광역시 동구 방어진순환도로 995,울산광역시 동구 서부동 257-4,35.52742805,129.429738,영업,052-236-1378,1993-06-23,336.0,울산광역시 동구청,2026-08-13,3710000,울산광역시 동구
현대명덕2차경로당,경로당,울산광역시 동구 명덕로 70,울산광역시 동구 서부동 238-27,35.52383587,129.4253484,영업,052-252-8588,1996-05-01,61.0,울산광역시 동구청,2026-08-13,3710000,울산광역시 동구
현대명덕1차경로당,경로당,울산광역시 동구 명덕로 30,울산광역시 동구 서부동 238-29,35.52443533,129.4271932,영업,052-252-7482,1993-04-02,121.0,울산광역시 동구청,2026-08-13,3710000,울산광역시 동구
한아름경로당,경로당,울산광역시 동구 방어진순환도로 1045,울산광역시 동구 서부동 284-1,35.53430961,129.4301419,영업,052-988-3990,1997-03-06,57.0,울산광역시 동구청,2026-08-13,3710000,울산광역시 동구
서부성원상떼빌경로당,경로당,울산광역시 동구 봉수로 450,울산광역시 동구 서부동 248-24,35.5254839,129.4251592,영업,052-252-1400,2006-04-14,142.0,울산광역시 동구청,2026-08-13,3710000,울산광역시 동구
명덕경로당,경로당,울산광역시 동구 명덕6길 33,울산광역시 동구 서부동 113-190,35.52461732,129.4314639,영업,052-232-0507,1984-01-23,109.0,울산광역시 동구청,2026-08-13,3710000,울산광역시 동구
큰골경로당,경로당,울산광역시 동구 남목10길 22,울산광역시 동구 서부동 407-1,35.54272376,129.4244963,영업,052-235-9555,2008-04-14,171.2,울산광역시 동구청,2026-08-13,3710000,울산광역시 동구
서영골든타워경로당,경로당,울산광역시 동구 남목11길 25,울산광역시 동구 서부동 385-3,35.5434968,129.4244497,영업,052-236-7334,1996-05-01,43.0,울산광역시 동구청,2026-08-13,3710000,울산광역시 동구
서부경로당,경로당,울산광역시 동구 남목5길 16,울산광역시 동구 서부동 482-30,35.54066084,129.4229055,영업,052-252-1525,1994-12-16,128.18,울산광역시 동구청,2026-08-13,3710000,울산광역시 동구
벽산유토피아경로당,경로당,울산광역시 동구 옥류로 92,울산광역시 동구 동부동 421,35.54683627,129.4256119,영업,052-236-9666,1994-05-11,72.0,울산광역시 동구청,2026-08-13,3710000,울산광역시 동구
미포새마을경로당,경로당,울산광역시 동구 미포1길 46-33,울산광역시 동구 동부동 194-42,35.54138206,129.4291933,영업,052-251-1142,1989-04-08,103.7,울산광역시 동구청,2026-08-13,3710000,울산광역시 동구
미포복지경로당,경로당,울산광역시 동구 안산들로 55,울산광역시 동구 서부동 598,35.53776344,129.4233231,영업,052-209-1101,1991-06-18,144.0,울산광역시 동구청,2026-08-13,3710000,울산광역시 동구
목화아파트경로당,경로당,울산광역시 동구 남목11길 20,울산광역시 동구 동부동 산 147,35.54430347,129.4242544,영업,052-236-6286,1994-02-17,32.0,울산광역시 동구청,2026-08-13,3710000,울산광역시 동구
진성골경로당,경로당,울산광역시 동구 진성10길 55,울산광역시 동구 전하동 679-2,35.50730917,129.4278275,영업,052-235-3003,2007-05-31,174.0,울산광역시 동구청,2026-08-13,3710000,울산광역시 동구
전하푸르지오경로당,경로당,울산광역시 동구 봉수로 250,울산광역시 동구 전하동 660-1,35.50917381,129.4216432,영업,,2018-10-01,125.0,울산광역시 동구청,2026-08-13,3710000,울산광역시 동구
전하경로당,경로당,울산광역시 동구 진성12길 130,울산광역시 동구 전하동 635-9,35.51122659,129.4275699,영업,052-233-1516,2007-06-27,100.0,울산광역시 동구청,2026-08-13,3710000,울산광역시 동구
산성경로당,경로당,울산광역시 동구 진성5길 56-2,울산광역시 동구 전하동 662-29,35.50807014,129.426057,영업,052-232-2533,1995-12-28,160.0,울산광역시 동구청,2026-08-13,3710000,울산광역시 동구
산생경로당,경로당,울산광역시 동구 봉수로 267,울산광역시 동구 전하동 739-1,35.5101613,129.4212779,영업,052-232-8944,2011-04-15,179.08,울산광역시 동구청,2026-08-13,3710000,울산광역시 동구
아이파크경로당,경로당,울산광역시 동구 봉수로 270,울산광역시 동구 전하동 640-1,35.50985953,129.4220145,영업,,2023-12-14,126.4,울산광역시 동구청,2026-08-13,3710000,울산광역시 동구
e편한세상경로당,경로당,울산광역시 동구 봉수로 290,울산광역시 동구 전하동 630-1,35.51250727,129.4235557,영업,052-234-5511,2014-03-03,129.2,울산광역시 동구청,2026-08-13,3710000,울산광역시 동구
현대홈타운경로당,경로당,울산광역시 동구 봉수로 370,울산광역시 동구 전하동 301-24,35.51778313,129.4271212,영업,052-236-7511,2002-08-24,133.0,울산광역시 동구청,2026-08-13,3710000,울산광역시 동구
전하패밀리경로당,경로당,울산광역시 동구 녹수11길 50,울산광역시 동구 전하동 549-14,35.51585739,129.4260353,영업,052-233-9040,1989-04-08,99.0,울산광역시 동구청,2026-08-13,3710000,울산광역시 동구
삼전아이필경로당,경로당,울산광역시 동구 바드래길 115,울산광역시 동구 전하동 301-47,35.51572621,129.4253136,영업,052-209-2687,2016-05-19,50.0,울산광역시 동구청,2026-08-13,3710000,울산광역시 동구
산록회관경로당,경로당,울산광역시 동구 산록9길 20,울산광역시 동구 전하동 754-8,35.51476161,129.4226848,영업,052-234-3867,1996-11-18,163.0,울산광역시 동구청,2026-08-13,3710000,울산광역시 동구
대경넥스빌경로당,경로당,울산광역시 동구 바드래길 110,울산광역시 동구 전하동 301-28,35.51711449,129.4262474,영업,052-251-9081,2004-09-18,63.0,울산광역시 동구청,2026-08-13,3710000,울산광역시 동구
늘푸른경로당,경로당,울산광역시 동구 산록길 68,울산광역시 동구 전하동 768,35.51401704,129.4200754,영업,052-251-2450,1996-09-04,169.0,울산광역시 동구청,2026-08-13,3710000,울산광역시 동구
농청경로당,경로당,울산광역시 동구 바드래길 80-6,울산광역시 동구 전하동 300-192,35.51613036,129.4278056,영업,052-232-9270,1989-04-08,151.0,울산광역시 동구청,2026-08-13,3710000,울산광역시 동구
바드래경로당,경로당,울산광역시 동구 바드래길 64,울산광역시 동구 전하동 300-142,35.51581012,129.4286648,영업,,2023-12-26,54.64,울산광역시 동구청,2026-08-13,3710000,울산광역시 동구
녹수경로당,경로당,울산광역시 동구 녹수4길 12,울산광역시 동구 전하동 544-57,35.51318139,129.4297889,영업,052-234-2842,1989-04-08,66.0,울산광역시 동구청,2026-08-13,3710000,울산광역시 동구
대송현대2차경로당,경로당,울산광역시 동구 대송3길 10,울산광역시 동구 화정동 161-1,35.50116378,129.4175174,영업,052-236-3886,1992-04-15,78.0,울산광역시 동구청,2026-08-13,3710000,울산광역시 동구
대송현대1차경로당,경로당,울산광역시 동구 대송2길 10,울산광역시 동구 화정동 162,35.49990916,129.417931,영업,052-236-3085,1990-12-29,57.0,울산광역시 동구청,2026-08-13,3710000,울산광역시 동구
대송경로당,경로당,울산광역시 동구 대송4길 34,울산광역시 동구 화정동 151-8,35.50236167,129.4195639,영업,052-252-5262,1992-10-24,239.0,울산광역시 동구청,2026-08-13,3710000,울산광역시 동구
금강아파트경로당,경로당,울산광역시 동구 봉수로 170,울산광역시 동구 화정동 149-1,35.50234027,129.4175717,영업,052-236-7712,2000-07-28,45.0,울산광역시 동구청,2026-08-13,3710000,울산광역시 동구
화정주공경로당,경로당,울산광역시 동구 월봉10길 14,울산광역시 동구 화정동 862-2,35.49460157,129.4194756,영업,052-236-8965,1992-09-12,134.0,울산광역시 동구청,2026-08-13,3710000,울산광역시 동구
현대 파라다이스경로당,경로당,울산광역시 동구 봉수로 110,울산광역시 동구 화정동 851,35.49810183,129.418615,휴업,052-234-8644,1993-07-06,91.0,울산광역시 동구청,2026-08-13,3710000,울산광역시 동구
화정경로당,경로당,울산광역시 동구 대송로 135,울산광역시 동구 화정동 633-22,35.4961149,129.4231991,영업,,2023-12-15,84.09,울산광역시 동구청,2026-08-13,3710000,울산광역시 동구
월봉경로당,경로당,울산광역시 동구 월봉로 78-1,울산광역시 동구 화정동 654-5,35.49280624,129.4260727,영업,052-251-6033,1981-12-21,285.0,울산광역시 동구청,2026-08-13,3710000,울산광역시 동구
힐스테이트 이스턴베이경로당,경로당,울산광역시 동구 화진길 100,울산광역시 동구 화정동 949,35.49377252,129.4229354,영업,,2018-12-27,161.4,울산광역시 동구청,2026-08-13,3710000,울산광역시 동구
일산경로당,경로당,울산광역시 동구 일산진7길 8,울산광역시 동구 일산동 160-4,35.50019587,129.4322947,영업,052-236-6951,1989-04-08,129.0,울산광역시 동구청,2026-08-13,3710000,울산광역시 동구
번덕경로당,경로당,울산광역시 동구 번덕8길 93,울산광역시 동구 일산동 539-20,35.50113486,129.4277603,영업,052-233-0800,1989-04-08,217.49,울산광역시 동구청,2026-08-13,3710000,울산광역시 동구
화암경로당,경로당,울산광역시 동구 화암7길 6,울산광역시 동구 방어동 1025-12,35.47858145,129.4134742,영업,052-201-3612,1998-04-08,165.45,울산광역시 동구청,2026-08-13,3710000,울산광역시 동구
현대비치경로당,경로당,울산광역시 동구 화문로 70,울산광역시 동구 방어동 505,35.4824211,129.4146575,영업,052-201-7170,2001-03-20,77.2,울산광역시 동구청,2026-08-13,3710000,울산광역시 동구
우진임대경로당,경로당,울산광역시 동구 문재3길 34,울산광역시 동구 방어동 1138-1,35.48392265,129.4168594,영업,052-232-2007,2013-11-01,63.0,울산광역시 동구청,2026-08-13,3710000,울산광역시 동구
서진경로당,경로당,울산광역시 동구 서진2길 7,울산광역시 동구 방어동 324-3,35.48273698,129.423168,영업,052-201-8072,2007-03-20,33.0,울산광역시 동구청,2026-08-13,3710000,울산광역시 동구
상진경로당,경로당,울산광역시 동구 상진1길 23,울산광역시 동구 방어동 258-12,35.48298731,129.4219735,영업,052-236-0770,1991-10-15,149.88,울산광역시 동구청,2026-08-13,3710000,울산광역시 동구
복지회관경로당,경로당,울산광역시 동구 봉수로 24,울산광역시 동구 방어동 914-3,35.48980984,129.4170836,영업,052-235-1993,1993-07-10,244.0,울산광역시 동구청,2026-08-13,3710000,울산광역시 동구
방어휴먼시아경로당,경로당,울산광역시 동구 등대4길 25,울산광역시 동구 방어동 60-1,35.49008433,129.4284921,영업,052-233-2992,2012-11-05,131.66,울산광역시 동구청,2026-08-13,3710000,울산광역시 동구
방어진경로당,경로당,울산광역시 동구 꽃바위로 356,울산광역시 동구 방어동 125-1,35.48775566,129.4260213,영업,052-251-1942,1989-04-01,147.02,울산광역시 동구청,2026-08-13,3710000,울산광역시 동구
문현지구경로당,경로당,울산광역시 동구 문재3길 50,울산광역시 동구 방어동 1091-14,35.48447787,129.418024,영업,052-201-5866,1997-07-29,94.0,울산광역시 동구청,2026-08-13,3710000,울산광역시 동구
문현I-park경로당,경로당,울산광역시 동구 문현6길 19,울산광역시 동구 방어동 1122,35.48691543,129.412055,영업,052-234-4777,2007-04-12,44.4,울산광역시 동구청,2026-08-13,3710000,울산광역시 동구
동진경로당,경로당,울산광역시 동구 동진5길 15,울산광역시 동구 방어동 24-2,35.48546698,129.4304663,영업,052-233-0338,2006-08-29,126.0,울산광역시 동구청,2026-08-13,3710000,울산광역시 동구
대왕암엘크루경로당,경로당,울산광역시 동구 등대4길 26,울산광역시 동구 방어동 59-1,35.48883684,129.4320508,영업,052-232-2393,2015-12-24,163.93,울산광역시 동구청,2026-08-13,3710000,울산광역시 동구
꽃바위아파트경로당,경로당,울산광역시 동구 화잠9길 45,울산광역시 동구 방어동 971,35.48342692,129.4087827,영업,052-201-7747,2001-03-12,67.0,울산광역시 동구청,2026-08-13,3710000,울산광역시 동구
상록경로당,경로당,울산광역시 남구 수암로105번길 8-11,울산광역시 남구 신정동 852-63번지,35.52935673,129.320217,영업,052-271-7542,2001-02-28,68.0,울산광역시 남구청,2026-06-23,3700000,울산광역시 남구
강변센트럴하이츠아파트경로당,경로당,울산광역시 남구 중앙로290번길 53,울산광역시 남구 신정동 319번지 강변센트럴하이츠,35.54813557,129.3148565,영업,052-256-0215,2022-09-23,124.0,울산광역시 남구청,2026-06-23,3700000,울산광역시 남구
푸르지오아파트경로당,경로당,울산광역시 남구 팔등로85,울산광역시 남구 신정동 318번지 푸르지오,35.54701252,129.3137022,영업,052-256-7739,2013-01-31,104.0,울산광역시 남구청,2026-06-23,3700000,울산광역시 남구
한마음장수회경로당,경로당,울산광역시 남구 월평로69번길 25-1,울산광역시 남구 신정동 494-28번지,35.54447969,129.3120618,영업,,2005-06-10,37.0,울산광역시 남구청,2026-06-23,3700000,울산광역시 남구
무공경로당,경로당,울산광역시 남구 중앙로296번길 2-1,울산광역시 남구 신정동 464-28번지,35.54713963,129.3103075,영업,052-256-2215,2009-03-13,40.0,울산광역시 남구청,2026-06-23,3700000,울산광역시 남구
월평경로당,경로당,울산광역시 남구 팔등로61번길 26-6,울산광역시 남구 신정동 469-25번지,35.54767361,129.3125881,영업,052-266-1467,2003-09-29,120.0,울산광역시 남구청,2026-06-23,3700000,울산광역시 남구
신정3동경로당,경로당,울산광역시 남구 중앙로258번길 51,울산광역시 남구 신정동 302-6번지,35.54555333,129.316126,영업,052-271-2523,1984-11-08,469.0,울산광역시 남구청,2026-06-23,3700000,울산광역시 남구
문수로2차아이파크2단지경로당,경로당,울산광역시 남구 동산로69번길 14,울산광역시 남구 신정동 1890번지 문수로2차아이파크2단지,35.53675028,129.304239,영업,052-266-7516,2015-08-25,140.0,울산광역시 남구청,2026-06-23,3700000,울산광역시 남구
문수로아이파크2단지경로당,경로당,울산광역시 남구 문수로409번길 23,울산광역시 남구 신정동 1639-51번지 문수로아이파크아파트,35.53678093,129.2980644,영업,052-268-0148,2004-07-07,78.0,울산광역시 남구청,2026-06-23,3700000,울산광역시 남구
아이파크1단지경로당,경로당,울산광역시 남구 문수로409번길 20,울산광역시 남구 신정동 1639-1번지 문수로아이파크아파트,35.5352026,129.2981602,영업,052-257-1875,2004-05-20,80.0,울산광역시 남구청,2026-06-23,3700000,울산광역시 남구
올림푸스골든3동 다정경로당,경로당,울산광역시 남구 대공원로 156,울산광역시 남구 신정동 1680번지 올림푸스골든,35.52903477,129.2984246,영업,052-258-1341,1991-05-09,33.0,울산광역시 남구청,2026-06-23,3700000,울산광역시 남구
"올림푸스골든1,2동 경로당",경로당,울산광역시 남구 대공원로 198,울산광역시 남구 신정동 1656-1번지 올림푸스골든,35.53013735,129.3023235,영업,052-274-0061,2010-06-10,38.0,울산광역시 남구청,2026-06-23,3700000,울산광역시 남구
사랑방경로당,경로당,울산광역시 남구 문수로410번길 10,울산광역시 남구 신정동 1634번지 현대아파트,35.53241566,129.2975011,영업,052-267-6956,2002-06-12,35.0,울산광역시 남구청,2026-06-23,3700000,울산광역시 남구
세한프리빌아파트경로당,경로당,울산광역시 남구 삼산로45번길 31,울산광역시 남구 신정동 690-3번지 세한프리빌,35.53653075,129.3113491,영업,052-272-6797,2009-03-13,112.0,울산광역시 남구청,2026-06-23,3700000,울산광역시 남구
푸른마을경로당,경로당,울산광역시 남구 거마로98번길 20-20 101호,울산광역시 남구 신정동 1612-8번지 아름 101호,35.53922357,129.3005629,영업,052-265-2852,1992-03-13,99.0,울산광역시 남구청,2026-06-23,3700000,울산광역시 남구
양지경로당,경로당,울산광역시 남구 대공원로207번길 18-1,울산광역시 남구 신정동 1112-7번지,35.53109975,129.3050074,영업,052-271-1131,2002-08-28,145.0,울산광역시 남구청,2026-06-23,3700000,울산광역시 남구
신정2동경로당,경로당,울산광역시 남구 봉월로14번길 30-1,울산광역시 남구 신정동 674-12번지,35.53434184,129.3102315,영업,052-272-6587,1989-05-13,214.0,울산광역시 남구청,2026-06-23,3700000,울산광역시 남구
태화강엑슬루타워경로당,경로당,울산광역시 남구 봉월로 167(4층),울산광역시 남구 신정동 1880번지 태화강풍림엑슬루타워 4층,35.548216,129.3074687,영업,052-271-5110,2023-01-02,87.0,울산광역시 남구청,2026-06-23,3700000,울산광역시 남구
디아채1단지아파트경로당,경로당,울산광역시 남구 거마로 124,울산광역시 남구 신정동 1241-5번지 신한로얄멤버스1차아파트,35.53963303,129.3040163,영업,052-269-5611,2019-10-15,23.0,울산광역시 남구청,2026-06-23,3700000,울산광역시 남구
서강파크경로당,경로당,울산광역시 남구 거마로77번길 8,울산광역시 남구 신정동 1845-1번지 서강파크맨션,35.54153523,129.298898,영업,052-267-7770,1989-09-29,30.0,울산광역시 남구청,2026-06-23,3700000,울산광역시 남구
세영시티타워경로당,경로당,울산광역시 남구 팔등로13,울산광역시 남구 신정동 533-2번지 세영시티타워,35.54428845,129.3080996,영업,052-257-1336,2009-12-18,66.0,울산광역시 남구청,2026-06-23,3700000,울산광역시 남구
남산포스코더샾경로당,경로당,울산광역시 남구 봉월로133,울산광역시 남구 신정동 1334-38번지 남산포스코더샵아파트,35.54419511,129.3059036,영업,052-275-8666,2004-06-07,56.0,울산광역시 남구청,2026-06-23,3700000,울산광역시 남구
크로바아파트경로당,경로당,울산광역시 남구 남산로314번길 18,울산광역시 남구 신정동 1401-15번지 신정동크로바아파트,35.54569276,129.3049353,영업,052-269-9355,1989-12-02,57.0,울산광역시 남구청,2026-06-23,3700000,울산광역시 남구
원당경로당,경로당,울산광역시 남구 남산로348번길 25-3,울산광역시 남구 신정동 1409-11번지,35.5481709,129.3066408,영업,052-257-2414,1997-05-28,88.0,울산광역시 남구청,2026-06-23,3700000,울산광역시 남구
신정본동경로당,경로당,울산광역시 남구 돋질로7번길 19,울산광역시 남구 신정동 1137-1번지,35.53875972,129.3059477,영업,052-256-5535,2004-12-21,168.0,울산광역시 남구청,2026-06-23,3700000,울산광역시 남구
신정1동경로당,경로당,울산광역시 남구 봉월로89번길 12,울산광역시 남구 신정동 1295-2번지,35.54077641,129.3044917,영업,052-269-2079,1989-05-13,252.0,울산광역시 남구청,2026-06-23,3700000,울산광역시 남구
현대문화1차경로당,경로당,울산광역시 남구 화합로102번길 10,울산광역시 남구 삼산동 1605-3번지 현대문화1차아파트,35.53393375,129.3432048,영업,052-261-3659,1999-04-03,49.0,울산광역시 남구청,2026-06-23,3700000,울산광역시 남구
벽산강변경로당,경로당,울산광역시 남구 화합로 250,울산광역시 남구 삼산동 1529-1번지 벽산강변타운,35.54668346,129.3403017,영업,052-258-7209,1999-10-12,79.0,울산광역시 남구청,2026-06-23,3700000,울산광역시 남구
세양청구경로당,경로당,울산광역시 남구 돋질로401번길 12,울산광역시 남구 삼산동 172-1번지 세양청구마을,35.54403968,129.3510492,영업,052-227-0066,1998-05-28,216.0,울산광역시 남구청,2026-06-23,3700000,울산광역시 남구
삼신현대아파트경로당,경로당,울산광역시 남구 월평로 272,울산광역시 남구 삼산동 1461-3번지 삼신현대,35.54614703,129.3342225,영업,052-260-9188,1992-01-13,69.0,울산광역시 남구청,2026-06-23,3700000,울산광역시 남구
우성경로당,경로당,울산광역시 남구 돋질로261번길 32,울산광역시 남구 삼산동 1461-1번지 우성,35.54505105,129.3338956,영업,052-265-9430,1996-03-09,53.0,울산광역시 남구청,2026-06-23,3700000,울산광역시 남구
삼산현대경로당,경로당,울산광역시 남구 월평로 253,울산광역시 남구 삼산동 1459-1번지 삼산현대,35.54748728,129.3344653,영업,052-268-6175,1991-12-20,76.0,울산광역시 남구청,2026-06-23,3700000,울산광역시 남구
평창2차현대경로당,경로당,울산광역시 남구 삼산중로 110,울산광역시 남구 삼산동 1547번지 평창현대2차아파트,35.54342853,129.3363499,영업,052-272-0922,1996-03-20,176.0,울산광역시 남구청,2026-06-23,3700000,울산광역시 남구
삼산선경경로당,경로당,울산광역시 남구 돋질로 262,울산광역시 남구 달동 1330-1번지 삼산선경,35.54338804,129.3351252,영업,052-266-6220,1996-05-21,188.0,울산광역시 남구청,2026-06-23,3700000,울산광역시 남구
달동현대경로당,경로당,울산광역시 남구 삼산중로 83,울산광역시 남구 달동 1352-5번지 달동현대아파트,35.54077509,129.3350487,영업,052-969-6364,1997-03-31,52.0,울산광역시 남구청,2026-06-23,3700000,울산광역시 남구
삼산제2경로당,경로당,울산광역시 남구 왕생로82번길 13,울산광역시 남구 달동 1349-12번지,35.54122878,129.3323325,영업,052-258-2332,1996-03-20,191.0,울산광역시 남구청,2026-06-23,3700000,울산광역시 남구
가람경로당,경로당,울산광역시 남구 월평로203번길 8,울산광역시 남구 삼산동 1503-3번지,35.54709252,129.3269595,영업,052-258-9349,2002-11-06,105.0,울산광역시 남구청,2026-06-23,3700000,울산광역시 남구
SK아파트경로당,경로당,울산광역시 남구 중앙로128번길 52(달동),울산광역시 남구 달동 809-1번지,35.53393844,129.3206181,영업,052-942-7080,2004-11-23,57.0,울산광역시 남구청,2026-06-23,3700000,울산광역시 남구
달동월드메르디앙경로당,경로당,울산광역시 남구 삼산로125번길 33,울산광역시 남구 달동 1411번지 달동월드메르디앙,35.5389802,129.319625,영업,052-267-1292,2010-07-28,41.0,울산광역시 남구청,2026-06-23,3700000,울산광역시 남구
이진빌라경로당,경로당,울산광역시 남구 도산로 9,울산광역시 남구 달동 819-6번지 이진빌라,35.53288758,129.3171324,영업,052-272-1988,2005-10-13,23.0,울산광역시 남구청,2026-06-23,3700000,울산광역시 남구
어울림경로당,경로당,울산광역시 남구 도산로77번길 4,울산광역시 남구 달동 775-6번지 어울림,35.53192076,129.3239308,영업,052-268-1160,2004-09-22,49.0,울산광역시 남구청,2026-06-23,3700000,울산광역시 남구
달동3차현대경로당,경로당,울산광역시 남구 번영로89번길 23,울산광역시 남구 달동 1371-1번지 현대3차아파트,35.53269346,129.3274278,영업,052-955-1555,2000-03-04,81.0,울산광역시 남구청,2026-06-23,3700000,울산광역시 남구
달동2차현대아파트경로당,경로당,울산광역시 남구 삼산로156번길 5-74,울산광역시 남구 달동 118-1번지 현대2차아파트,35.53656314,129.3271498,영업,052-266-7275,1998-03-28,74.0,울산광역시 남구청,2026-06-23,3700000,울산광역시 남구
삼성아파트경로당,경로당,울산광역시 남구 신정로17번길 6,울산광역시 남구 달동 758번지 달동삼성2차아파트,35.53356341,129.3220833,영업,052-265-8084,1997-09-05,55.0,울산광역시 남구청,2026-06-23,3700000,울산광역시 남구
주공3단지아파트경로당,경로당,울산광역시 남구 번영로107번길 13,울산광역시 남구 달동 119-1번지,35.53438006,129.3273233,영업,052-225-8870,1996-02-14,132.0,울산광역시 남구청,2026-06-23,3700000,울산광역시 남구
주공2단지아파트경로당,경로당,울산광역시 남구 번영로107번길 5,울산광역시 남구 달동 119-1번지 달동주공2차아파트,35.53298107,129.3266827,영업,052-275-8332,1997-03-31,125.0,울산광역시 남구청,2026-06-23,3700000,울산광역시 남구
주공1단지아파트경로당,경로당,울산광역시 남구 번영로107번길 22,울산광역시 남구 달동 118-3번지 달동주공1차아파트,35.53455049,129.3257603,영업,052-258-1901,1994-11-12,133.0,울산광역시 남구청,2026-06-23,3700000,울산광역시 남구
동평마을경로당,경로당,울산광역시 남구 번영로163번길 20,울산광역시 남구 달동 575-5번지,35.53923027,129.3239407,영업,052-275-7648,1998-05-13,100.0,울산광역시 남구청,2026-06-23,3700000,울산광역시 남구
달동경로당,경로당,울산광역시 남구 중앙로156번길 58,울산광역시 남구 달동 629-5번지,35.53649419,129.320301,영업,052-260-9077,1989-05-13,256.0,울산광역시 남구청,2026-06-23,3700000,울산광역시 남구
삼신경로당,경로당,울산광역시 남구 번영로267번길 15,울산광역시 남구 신정동 17-8번지,35.54776198,129.3209932,영업,052-275-7581,2001-11-20,99.0,울산광역시 남구청,2026-06-23,3700000,울산광역시 남구
신정5동경로당,경로당,울산광역시 남구 돋질로139번길 23,울산광역시 남구 신정동 162-3번지,35.5422761,129.3198886,영업,052-261-2528,1997-02-27,174.0,울산광역시 남구청,2026-06-23,3700000,울산광역시 남구
미소지움아파트경로당,경로당,울산광역시 남구 대암로 26,울산광역시 남구 신정동 1853번지 신성미소지움2단지,35.53023391,129.3191288,영업,052-900-6621,2008-01-14,193.0,울산광역시 남구청,2026-06-23,3700000,울산광역시 남구
한라백조아파트경로당,경로당,울산광역시 남구 중앙로63번길 16,울산광역시 남구 신정동 872-55번지 한라백조아파트,35.52731753,129.3163025,영업,052-274-2135,2005-12-16,300.0,울산광역시 남구청,2026-06-23,3700000,울산광역시 남구
영보가든맨션경로당,경로당,울산광역시 남구 두왕로244번길 30,울산광역시 남구 신정동 942-10번지 영보가든,35.52521788,129.3146087,영업,052-258-0221,2006-03-15,32.0,울산광역시 남구청,2026-06-23,3700000,울산광역시 남구
신정현대홈타운3단지경로당,경로당,울산광역시 남구 수암로129번길 25,울산광역시 남구 신정동 851-21번지 신정현대홈타운3차아파트,35.52950461,129.3223474,영업,052-273-5437,2002-06-12,152.0,울산광역시 남구청,2026-06-23,3700000,울산광역시 남구
소정경로당,경로당,울산광역시 남구 수암로54번길 5-9,울산광역시 남구 신정동 805-13번지,35.53031276,129.3143889,영업,052-266-6975,1995-10-24,263.0,울산광역시 남구청,2026-06-23,3700000,울산광역시 남구
상아타워경로당,경로당,울산광역시 남구 은월로22,울산광역시 남구 옥동 177-2번지 상아타워맨션,35.5410781,129.292901,영업,052-267-9776,1991-09-05,29.0,울산광역시 남구청,2026-06-23,3700000,울산광역시 남구
현대대륙1차경로당,경로당,울산광역시 남구 거마로22,울산광역시 남구 옥동 157-5번지 대륙현대1차아파트,35.53599007,129.2961771,영업,052-227-5055,1991-03-08,47.0,울산광역시 남구청,2026-06-23,3700000,울산광역시 남구
도성가든경로당,경로당,울산광역시 남구 문수로369번길 59,울산광역시 남구 옥동 1385-4번지 도성타운,35.53948791,129.2970459,영업,052-266-2128,1999-12-06,175.0,울산광역시 남구청,2026-06-23,3700000,울산광역시 남구
서강아파트경로당,경로당,울산광역시 남구 은월로2번길 39,울산광역시 남구 옥동 185번지 서강파크아파트,35.53879154,129.2887678,영업,052-260-0333,1989-12-01,107.0,울산광역시 남구청,2026-06-23,3700000,울산광역시 남구
옥동경로당,경로당,울산광역시 남구 문수로335번길 9,울산광역시 남구 옥동 587-10번지,35.53608979,129.2902462,영업,052-261-3215,1992-12-03,328.0,울산광역시 남구청,2026-06-23,3700000,울산광역시 남구
신복현대아파트경로당,경로당,울산광역시 남구 신복로72번길 29,울산광역시 남구 무거동 1553번지 신복현대,35.55151636,129.2532509,영업,052-249-9040,2018-11-05,51.0,울산광역시 남구청,2026-06-23,3700000,울산광역시 남구
무거현대아파트경로당,경로당,울산광역시 남구 신복로71번길 12,울산광역시 남구 무거동 832-2번지 무거현대아파트,35.54807729,129.2547457,영업,052-222-3704,2011-12-09,65.0,울산광역시 남구청,2026-06-23,3700000,울산광역시 남구
옥현으뜸마을경로당,경로당,울산광역시 남구 문수로75번길 7,울산광역시 남구 무거동 488-13번지,35.53919213,129.2620048,영업,052-942-3450,2002-04-04,239.0,울산광역시 남구청,2026-06-23,3700000,울산광역시 남구
옥현2단지경로당,경로당,울산광역시 남구 옥현로 92-12,울산광역시 남구 무거동 478-1번지 울산옥현주공2차아파트,35.54269363,129.2624408,영업,052-222-2929,2000-09-16,117.0,울산광역시 남구청,2026-06-23,3700000,울산광역시 남구
옥현1단지경로당,경로당,울산광역시 남구 옥현로 92-13,울산광역시 남구 무거동 477-1번지 울산옥현주공1차아파트,35.54629996,129.263093,영업,052-222-0109,2000-08-17,93.0,울산광역시 남구청,2026-06-23,3700000,울산광역시 남구
무거경로당,경로당,울산광역시 남구 신복로36번길 13-3,울산광역시 남구 무거동 820-13번지,35.55010085,129.2591492,영업,052-277-0309,2007-04-12,136.0,울산광역시 남구청,2026-06-23,3700000,울산광역시 남구
무거제1경로당,경로당,울산광역시 남구 옥현로 11,울산광역시 남구 무거동 623-12번지,35.53939376,129.2573716,영업,052-277-3765,1994-02-25,259.0,울산광역시 남구청,2026-06-23,3700000,울산광역시 남구
헐수정경로당,경로당,울산광역시 남구 신복로23번길 16,울산광역시 남구 무거동 837번지,35.54738532,129.2585332,영업,052-223-0306,1997-11-26,238.0,울산광역시 남구청,2026-06-23,3700000,울산광역시 남구
신복경로당(신복복지관),경로당,울산광역시 남구 신복로62번길 6-17,울산광역시 남구 무거동 829-10번지,35.55038603,129.2568707,영업,052-277-3063,1989-05-13,258.0,울산광역시 남구청,2026-06-23,3700000,울산광역시 남구
해피경로당,경로당,울산광역시 남구 눌재로 24,울산광역시 남구 무거동 1225번지,35.54982979,129.2788864,영업,052-224-0051,2016-03-31,103.0,울산광역시 남구청,2026-06-23,3700000,울산광역시 남구
무거위브자이아파트경로당,경로당,울산광역시 남구 북부순환도로 35,울산광역시 남구 무거동 1594번지 무거위브자이아파트,35.55345859,129.2654473,영업,052-247-8822,2014-06-05,150.0,울산광역시 남구청,2026-06-23,3700000,울산광역시 남구
부성타워맨션경로당,경로당,울산광역시 남구 북부순환도로 43,울산광역시 남구 무거동 220-1번지 부성타워맨션,35.55259654,129.268038,영업,052-277-0211,2010-05-13,29.0,울산광역시 남구청,2026-06-23,3700000,울산광역시 남구
굴화주공2-2단지아파트경로당,경로당,울산광역시 남구 굴화4길 22,울산광역시 남구 무거동 276-1번지 굴화주공2차아파트,35.55305902,129.262416,영업,052-221-0610,2009-11-11,90.0,울산광역시 남구청,2026-06-23,3700000,울산광역시 남구
굴화주공2-1단지아파트경로당,경로당,울산광역시 남구 굴화4길 22,울산광역시 남구 무거동 276-1번지 굴화주공2차아파트,35.55305902,129.262416,영업,052-221-1163,1998-08-25,65.0,울산광역시 남구청,2026-06-23,3700000,울산광역시 남구
굴화주공1단지아파트경로당,경로당,울산광역시 남구 굴화4길 20,울산광역시 남구 무거동 275-1번지 굴화주공1차아파트,35.55451024,129.2624057,영업,052-221-0908,1998-01-20,70.0,울산광역시 남구청,2026-06-23,3700000,울산광역시 남구
삼호시영아파트경로당,경로당,울산광역시 남구 삼호로 48번길 1,울산광역시 남구 무거동 1448-1번지 삼호시영아파트,35.54925565,129.2698034,영업,052-224-3118,1993-01-05,63.0,울산광역시 남구청,2026-06-23,3700000,울산광역시 남구
삼호아파트경로당,경로당,울산광역시 남구 삼호로 64,울산광역시 남구 무거동 1183-1번지 삼호아파트,35.54849773,129.271046,영업,052-249-7671,1989-05-13,73.0,울산광역시 남구청,2026-06-23,3700000,울산광역시 남구
소나무경로당,경로당,울산광역시 남구 삼호로 193,울산광역시 남구 무거동 1260-3번지,35.54630538,129.2848408,영업,052-223-3235,2001-07-16,99.0,울산광역시 남구청,2026-06-23,3700000,울산광역시 남구
와와경로당,경로당,울산광역시 남구 눌재로 24,울산광역시 남구 무거동 1225번지,35.54982979,129.2788864,영업,052-224-1050,1993-01-05,296.0,울산광역시 남구청,2026-06-23,3700000,울산광역시 남구
새동네경로당,경로당,울산광역시 남구 남부순환도로29번길 13,울산광역시 남구 무거동 1471-12번지,35.54720001,129.2653679,영업,052-223-0664,1998-01-20,238.0,울산광역시 남구청,2026-06-23,3700000,울산광역시 남구
삼호본동경로당,경로당,울산광역시 남구 북부순환도로44번길 24,울산광역시 남구 무거동 157-9번지,35.5512893,129.2704284,영업,052-249-2081,1993-12-02,133.0,울산광역시 남구청,2026-06-23,3700000,울산광역시 남구
달동힐스테이트경로당,경로당,울산광역시 남구 왕생로86번길 43,울산광역시 남구 달동 1330-3번지 현대홈타운스위트2단지,35.5421681,129.3346017,영업,052-275-6799,2019-11-19,47.0,울산광역시 남구청,2026-06-23,3700000,울산광역시 남구
100세쉼터경로당,경로당,울산광역시 남구 꽃대나리로51번길 17,울산광역시 남구 달동 1282-22번지,35.53521248,129.335188,영업,,2016-04-26,86.0,울산광역시 남구청,2026-06-23,3700000,울산광역시 남구
삼산본동경로당,경로당,울산광역시 남구 정동로118번길 22,울산광역시 남구 삼산동 180-6번지,35.54401365,129.3469353,영업,052-258-9388,2005-11-02,92.0,울산광역시 남구청,2026-06-23,3700000,울산광역시 남구
아데라움경로당,경로당,울산광역시 남구 강남로 348,울산광역시 남구 삼산동 182-1번지 아데라움,35.54595761,129.3455784,영업,052-274-5550,2005-06-21,125.0,울산광역시 남구청,2026-06-23,3700000,울산광역시 남구
롯데캐슬1단지경로당,경로당,울산광역시 남구 신선로 45,울산광역시 남구 야음동 878번지 롯데캐슬골드1단지,35.52207917,129.3172863,영업,052-265-5645,2009-06-22,161.0,울산광역시 남구청,2026-06-23,3700000,울산광역시 남구
삼환나띠르빌아파트경로당,경로당,울산광역시 남구 신화로15번길 4,울산광역시 남구 야음동 489-18번지 삼환나띠르빌,35.52931115,129.3325431,영업,052-271-2777,2019-11-14,20.0,울산광역시 남구청,2026-06-23,3700000,울산광역시 남구
쌍용스윗닷홈경로당,경로당,울산광역시 남구 야음로 33,울산광역시 남구 야음동 789-105번지 쌍용스윗닷홈,35.52551318,129.3230426,영업,052-957-7080,2005-09-22,99.0,울산광역시 남구청,2026-06-23,3700000,울산광역시 남구
현대홈타운2단지경로당,경로당,울산광역시 남구 대암로 82,울산광역시 남구 야음동 594-10번지 신정현대홈타운2차아파트,35.5289892,129.3233202,영업,052-269-6489,1980-07-04,153.0,울산광역시 남구청,2026-06-23,3700000,울산광역시 남구
현대홈타운1단지경로당,경로당,울산광역시 남구 대암로 81,울산광역시 남구 야음동 594-37번지 신정현대홈타운1차아파트,35.53043597,129.3245348,영업,052-942-5270,2000-12-02,153.0,울산광역시 남구청,2026-06-23,3700000,울산광역시 남구
신선아파트경로당,경로당,울산광역시 남구 야음로 4,울산광역시 남구 야음동 796-17번지 야음신선아파트,35.52253731,129.3248238,영업,052-945-2081,2000-06-12,53.0,울산광역시 남구청,2026-06-23,3700000,울산광역시 남구
동부아파트경로당,경로당,울산광역시 남구 야음로 24,울산광역시 남구 야음동 789-6번지 동부3차아파트,35.52427774,129.3247422,영업,052-258-0968,1996-10-01,133.0,울산광역시 남구청,2026-06-23,3700000,울산광역시 남구
한라하이타운아파트경로당,경로당,울산광역시 남구 꽃대나리로46번길 7,울산광역시 남구 야음동 538-1번지 한라하이타운,35.53272935,129.3347829,영업,052-273-2299,1996-01-30,99.0,울산광역시 남구청,2026-06-23,3700000,울산광역시 남구
태양한신아파트경로당,경로당,울산광역시 남구 꽃대나리로46번길 29,울산광역시 남구 야음동 564-2번지 태양한신아파트,35.53200812,129.3335132,영업,052-268-7723,1991-09-05,50.0,울산광역시 남구청,2026-06-23,3700000,울산광역시 남구
우방유화아파트경로당,경로당,울산광역시 남구 꽃대나리로46번길 24,울산광역시 남구 야음동 564-4번지 우방유화맨션,35.5326824,129.3324924,영업,052-261-0973,1992-01-21,63.0,울산광역시 남구청,2026-06-23,3700000,울산광역시 남구
도산경로당,경로당,울산광역시 남구 신화로15번길 6-7,울산광역시 남구 야음동 489-6번지,35.52950477,129.3329653,영업,052-257-5701,2004-12-27,199.0,울산광역시 남구청,2026-06-23,3700000,울산광역시 남구
복지경로당,경로당,울산광역시 남구 대암로90번길 34,울산광역시 남구 야음동 680-4번지,35.52764934,129.3271351,영업,052-273-0555,1989-05-13,254.0,울산광역시 남구청,2026-06-23,3700000,울산광역시 남구
대현경로당,경로당,울산광역시 남구 수암로196번길 36-1,울산광역시 남구 야음동 863-17번지,35.52352871,129.3289194,영업,052-273-2733,1989-05-13,200.0,울산광역시 남구청,2026-06-23,3700000,울산광역시 남구
고래로경로당,경로당,울산광역시 남구 장생포고래로179번길3-1,울산광역시 남구 장생포동 160번지,35.50225627,129.3740568,영업,052-265-7765,1999-11-29,78.0,울산광역시 남구청,2026-06-23,3700000,울산광역시 남구
삼한힐파크경로당,경로당,울산광역시 남구 수암로274번길15,울산광역시 남구 야음동 383-1번지 삼한힐파크,35.52114867,129.3346792,영업,052-227-9801,2007-08-29,43.0,울산광역시 남구청,2026-06-23,3700000,울산광역시 남구
신화경로당,경로당,울산광역시 남구 여천로80번길15,울산광역시 남구 야음동 174-132번지,35.52313148,129.3419885,영업,052-265-8626,1993-05-17,29.0,울산광역시 남구청,2026-06-23,3700000,울산광역시 남구
장생포경로당,경로당,울산광역시 남구 장생포고래로 215,울산광역시 남구 장생포동 41-4번지,35.50301777,129.377619,영업,052-266-1855,1989-05-13,80.0,울산광역시 남구청,2026-06-23,3700000,울산광역시 남구
야음경로당,경로당,울산광역시 남구 여천로11,울산광역시 남구 야음동 428-12번지,35.52317903,129.3352751,영업,052-227-3436,2001-10-12,220.0,울산광역시 남구청,2026-06-23,3700000,울산광역시 남구
대공원호반2차아파트경로당,경로당,울산광역시 남구 테크노산업로82번길 52,울산광역시 남구 두왕동 747-2번지 대공원호반베르디움2차,35.51507109,129.2944513,영업,,2023-01-31,129.0,울산광역시 남구청,2026-06-23,3700000,울산광역시 남구
동성파크아파트경로당,경로당,울산광역시 남구 대공원입구로 14,울산광역시 남구 옥동 142-1번지 동성파크맨션,35.53288831,129.2941055,영업,,2022-01-05,66.0,울산광역시 남구청,2026-06-23,3700000,울산광역시 남구
테크노두왕경로당,경로당,울산광역시 남구 신두왕로 152,울산광역시 남구 두왕동 611-8번지,35.51318362,129.293958,영업,,2021-12-22,109.0,울산광역시 남구청,2026-06-23,3700000,울산광역시 남구
도성아파트경로당,경로당,울산광역시 남구 문수로369번길 58,울산광역시 남구 옥동 1386번지 도성타운,35.53764464,129.2965345,영업,052-900-7654,2007-05-07,49.0,울산광역시 남구청,2026-06-23,3700000,울산광역시 남구
갈현경로당(갈현마을회관),경로당,울산광역시 남구 신두왕로327,울산광역시 남구 옥동 산219-1번지,35.52372473,129.2884715,영업,,2006-06-30,154.0,울산광역시 남구청,2026-06-23,3700000,울산광역시 남구
금오그린경로당,경로당,울산광역시 남구 문수로295번길 4,울산광역시 남구 옥동 281-1번지 금오그린,35.5366936,129.2860835,영업,052-274-9869,2005-03-11,33.0,울산광역시 남구청,2026-06-23,3700000,울산광역시 남구
그랜드파크경로당,경로당,울산광역시 남구 대공원로99번길 12,울산광역시 남구 옥동 127-1번지 그랜드파크,35.53074191,129.2949205,영업,052-265-4377,2004-02-18,60.0,울산광역시 남구청,2026-06-23,3700000,울산광역시 남구
옥동서광경로당,경로당,울산광역시 남구 문수로314번길 11,울산광역시 남구 옥동 257번지 옥동서광,35.5344403,129.2877278,영업,052-260-3209,2000-11-29,85.0,울산광역시 남구청,2026-06-23,3700000,울산광역시 남구
옥동현대아파트경로당,경로당,울산광역시 남구 문수로335번길 54,울산광역시 남구 옥동 182-9번지 옥동현대아파트,35.53983555,129.2908665,영업,052-268-8745,2000-04-11,69.0,울산광역시 남구청,2026-06-23,3700000,울산광역시 남구
두왕경로당,경로당,울산광역시 남구 남창로3길 23,울산광역시 남구 두왕동 426-6번지,35.49971472,129.3042896,영업,052-266-4140,1995-03-21,118.0,울산광역시 남구청,2026-06-23,3700000,울산광역시 남구
한양코아경로당,경로당,울산광역시 남구 문수로335번길 20,울산광역시 남구 옥동 196번지 한양코아,35.53605103,129.2904992,영업,052-267-5223,1993-04-01,78.0,울산광역시 남구청,2026-06-23,3700000,울산광역시 남구
대공원현대아파트경로당,경로당,울산광역시 남구 대공원로115번길 10,울산광역시 남구 옥동 129-6번지 동덕현대,35.53040515,129.2958776,영업,052-261-3166,1992-04-07,123.0,울산광역시 남구청,2026-06-23,3700000,울산광역시 남구
신선산휴먼빌아파트경로당,경로당,"울산광역시 남구 두왕로34번길 42, 102동 106호",울산광역시 남구 선암동 589-1번지 신선산휴먼빌 102동 106호,35.50832087,129.3130903,영업,052-276-1030,2022-09-22,105.0,울산광역시 남구청,2026-06-23,3700000,울산광역시 남구
삼익세라믹아파트경로당,경로당,울산광역시 남구 두왕로190번길 77,울산광역시 남구 선암동 537-1번지 삼익세라믹,35.5141173,129.317586,영업,052-269-5585,1991-05-09,49.0,울산광역시 남구청,2026-06-23,3700000,울산광역시 남구
강남파크아파트경로당,경로당,울산광역시 남구 두왕로190번길 50,울산광역시 남구 선암동 626번지 강남파크맨션,35.51711878,129.3159263,영업,052-275-8901,1992-02-20,34.0,울산광역시 남구청,2026-06-23,3700000,울산광역시 남구
한라전원아파트경로당,경로당,울산광역시 남구 두왕로 194,울산광역시 남구 선암동 679-3번지 한라전원,35.52011376,129.3123813,영업,052-265-2294,1989-09-29,37.0,울산광역시 남구청,2026-06-23,3700000,울산광역시 남구
우주아파트경로당,경로당,울산광역시 남구 두왕로 190번길 4,울산광역시 남구 선암동 680-1번지 우주그린가든,35.51932543,129.3121995,영업,052-265-4101,1991-01-19,85.0,울산광역시 남구청,2026-06-23,3700000,울산광역시 남구
서광아파트경로당,경로당,울산광역시 남구 두왕로 106번길 28-23,울산광역시 남구 선암동 559-12번지 선암동서광,35.51353161,129.3126157,영업,052-266-5171,1997-11-26,138.0,울산광역시 남구청,2026-06-23,3700000,울산광역시 남구
개운경로당,경로당,울산광역시 남구 두왕로106번길 5-22,울산광역시 남구 선암동 564-23번지,35.51363887,129.3102143,영업,052-258-2508,2016-03-02,158.0,울산광역시 남구청,2026-06-23,3700000,울산광역시 남구
대나리경로당(대나리문화회관),경로당,울산광역시 남구 두왕로174번길 64,울산광역시 남구 선암동 632-1번지,35.51560245,129.3152953,영업,052-257-3234,2001-08-20,761.0,울산광역시 남구청,2026-06-23,3700000,울산광역시 남구
하개경로당,경로당,울산광역시 남구 두왕로22번길 21,울산광역시 남구 상개동 154-44번지,35.50488531,129.3112073,영업,052-260-3565,2004-07-14,54.0,울산광역시 남구청,2026-06-23,3700000,울산광역시 남구
상개경로당,경로당,울산광역시 남구 산업로85번길 10,울산광역시 남구 상개동 243번지,35.50558292,129.3166638,영업,052-269-8391,1989-05-13,176.0,울산광역시 남구청,2026-06-23,3700000,울산광역시 남구
선암경로당,경로당,울산광역시 남구 산업로325번길 29-5,울산광역시 남구 선암동 181-141번지,35.51305975,129.3358679,영업,052-269-5568,1989-05-13,299.0,울산광역시 남구청,2026-06-23,3700000,울산광역시 남구
힐스테이트수암1단지아파트경로당,경로당,울산광역시 남구 중앙로47번길 27,울산광역시 남구 야음동 937번지 울산힐스테이트수암1단지,35.52417351,129.3145091,영업,052-257-7730,2020-11-06,55.0,울산광역시 남구청,2026-06-23,3700000,울산광역시 남구
일동미라주아파트경로당,경로당,울산광역시 남구 중앙로 39,울산광역시 남구 야음동 725-1번지 일동미라주,35.52467268,129.3174941,영업,052-266-5799,2007-03-30,76.0,울산광역시 남구청,2026-06-23,3700000,울산광역시 남구
수암한라에이스빌경로당,경로당,울산광역시 남구 수암로 128번길 24,울산광역시 남구 야음동 701-1번지 수암한라에이스빌,35.52588264,129.3197631,영업,052-266-1275,2009-07-02,48.0,울산광역시 남구청,2026-06-23,3700000,울산광역시 남구
수암경로당(수암동노인복지회관),경로당,울산광역시 남구 야음로5번길 30,울산광역시 남구 야음동 746-6번지,35.52259697,129.3210322,영업,052-269-8650,1993-12-30,357.0,울산광역시 남구청,2026-06-23,3700000,울산광역시 남구
한라훼미리경로당,경로당,울산광역시 남구 신남로 8-17,울산광역시 남구 야음동 730-6번지 한라훼미리,35.52185106,129.3142397,영업,052-276-5991,1993-01-11,123.0,울산광역시 남구청,2026-06-23,3700000,울산광역시 남구
롯데캐슬골드2단지경로당,경로당,울산광역시 남구 신선로 46,울산광역시 남구 야음동 881번지 롯데캐슬골드2단지,35.52097714,129.316684,영업,052-269-3408,2009-06-10,175.0,울산광역시 남구청,2026-06-23,3700000,울산광역시 남구
