시설명,시설유형,소재지도로명주소,소재지지번주소,위도,경도,영업상태명,전화번호,건립일자,건물면적,관리기관명,데이터기준일자
신정1동경로당,경로당,울산광역시 남구 봉월로89번길 12,울산광역시 남구 신정동 1295-2번지,35.54077641,129.3044917,영업,052-269-2079,1989-05-13,252,울산광역시 남구청,2026-06-23
신정본동경로당,경로당,울산광역시 남구 돋질로7번길 19,울산광역시 남구 신정동 1137-1번지,35.53875972,129.3059477,영업,052-256-5535,2004-12-21,168,울산광역시 남구청,2026-06-23
원당경로당,경로당,울산광역시 남구 남산로348번길 25-3,울산광역시 남구 신정동 1409-11번지,35.5481709,129.3066408,영업,052-257-2414,1997-05-28,88,울산광역시 남구청,2026-06-23
크로바아파트경로당,경로당,울산광역시 남구 남산로314번길 18,울산광역시 남구 신정동 1401-15번지 신정동크로바아파트,35.54569276,129.3049353,영업,052-269-9355,1989-12-02,57,울산광역시 남구청,2026-06-23
남산포스코더샾경로당,경로당,울산광역시 남구 봉월로133,울산광역시 남구 신정동 1334-38번지 남산포스코더샵아파트,35.54419511,129.3059036,영업,052-275-8666,2004-06-07,56,울산광역시 남구청,2026-06-23
세영시티타워경로당,경로당,울산광역시 남구 팔등로13,울산광역시 남구 신정동 533-2번지 세영시티타워,35.54428845,129.3080996,영업,052-257-1336,2009-12-18,66,울산광역시 남구청,2026-06-23
서강파크경로당,경로당,울산광역시 남구 거마로77번길 8,울산광역시 남구 신정동 1845-1번지 서강파크맨션,35.54153523,129.298898,영업,052-267-7770,1989-09-29,30,울산광역시 남구청,2026-06-23
디아채1단지아파트경로당,경로당,울산광역시 남구 거마로 124,울산광역시 남구 신정동 1241-5번지 신한로얄멤버스1차아파트,35.53963303,129.3040163,영업,052-269-5611,2019-10-15,23,울산광역시 남구청,2026-06-23
태화강엑슬루타워경로당,경로당,울산광역시 남구 봉월로 167(4층),울산광역시 남구 신정동 1880번지 태화강풍림엑슬루타워 4층,35.548216,129.3074687,영업,052-271-5110,2023-01-02,87,울산광역시 남구청,2026-06-23
신정2동경로당,경로당,울산광역시 남구 봉월로14번길 30-1,울산광역시 남구 신정동 674-12번지,35.53434184,129.3102315,영업,052-272-6587,1989-05-13,214,울산광역시 남구청,2026-06-23
양지경로당,경로당,울산광역시 남구 대공원로207번길 18-1,울산광역시 남구 신정동 1112-7번지,35.53109975,129.3050074,영업,052-271-1131,2002-08-28,145,울산광역시 남구청,2026-06-23
푸른마을경로당,경로당,울산광역시 남구 거마로98번길 20-20 101호,울산광역시 남구 신정동 1612-8번지 아름 101호,35.53922357,129.3005629,영업,052-265-2852,1992-03-13,99,울산광역시 남구청,2026-06-23
세한프리빌아파트경로당,경로당,울산광역시 남구 삼산로45번길 31,울산광역시 남구 신정동 690-3번지 세한프리빌,35.53653075,129.3113491,영업,052-272-6797,2009-03-13,112,울산광역시 남구청,2026-06-23
사랑방경로당,경로당,울산광역시 남구 문수로410번길 10,울산광역시 남구 신정동 1634번지 현대아파트,35.53241566,129.2975011,영업,052-267-6956,2002-06-12,35,울산광역시 남구청,2026-06-23
"올림푸스골든1,2동 경로당",경로당,울산광역시 남구 대공원로 198,울산광역시 남구 신정동 1656-1번지 올림푸스골든,35.53013735,129.3023235,영업,052-274-0061,2010-06-10,38,울산광역시 남구청,2026-06-23
올림푸스골든3동 다정경로당,경로당,울산광역시 남구 대공원로 156,울산광역시 남구 신정동 1680번지 올림푸스골든,35.52903477,129.2984246,영업,052-258-1341,1991-05-09,33,울산광역시 남구청,2026-06-23
아이파크1단지경로당,경로당,울산광역시 남구 문수로409번길 20,울산광역시 남구 신정동 1639-1번지 문수로아이파크아파트,35.5352026,129.2981602,영업,052-257-1875,2004-05-20,80,울산광역시 남구청,2026-06-23
문수로아이파크2단지경로당,경로당,울산광역시 남구 문수로409번길 23,울산광역시 남구 신정동 1639-51번지 문수로아이파크아파트,35.53678093,129.2980644,영업,052-268-0148,2004-07-07,78,울산광역시 남구청,2026-06-23
문수로2차아이파크2단지경로당,경로당,울산광역시 남구 동산로69번길 14,울산광역시 남구 신정동 1890번지 문수로2차아이파크2단지,35.53675028,129.304239,영업,052-266-7516,2015-08-25,140,울산광역시 남구청,2026-06-23
신정3동경로당,경로당,울산광역시 남구 중앙로258번길 51,울산광역시 남구 신정동 302-6번지,35.54555333,129.316126,영업,052-271-2523,1984-11-08,469,울산광역시 남구청,2026-06-23
월평경로당,경로당,울산광역시 남구 팔등로61번길 26-6,울산광역시 남구 신정동 469-25번지,35.54767361,129.3125881,영업,052-266-1467,2003-09-29,120,울산광역시 남구청,2026-06-23
무공경로당,경로당,울산광역시 남구 중앙로296번길 2-1,울산광역시 남구 신정동 464-28번지,35.54713963,129.3103075,영업,052-256-2215,2009-03-13,40,울산광역시 남구청,2026-06-23
한마음장수회경로당,경로당,울산광역시 남구 월평로69번길 25-1,울산광역시 남구 신정동 494-28번지,35.54447969,129.3120618,영업,,2005-06-10,37,울산광역시 남구청,2026-06-23
푸르지오아파트경로당,경로당,울산광역시 남구 팔등로85,울산광역시 남구 신정동 318번지 푸르지오,35.54701252,129.3137022,영업,052-256-7739,2013-01-31,104,울산광역시 남구청,2026-06-23
강변센트럴하이츠아파트경로당,경로당,울산광역시 남구 중앙로290번길 53,울산광역시 남구 신정동 319번지 강변센트럴하이츠,35.54813557,129.3148565,영업,052-256-0215,2022-09-23,124,울산광역시 남구청,2026-06-23
상록경로당,경로당,울산광역시 남구 수암로105번길 8-11,울산광역시 남구 신정동 852-63번지,35.52935673,129.320217,영업,052-271-7542,2001-02-28,68,울산광역시 남구청,2026-06-23
소정경로당,경로당,울산광역시 남구 수암로54번길 5-9,울산광역시 남구 신정동 805-13번지,35.53031276,129.3143889,영업,052-266-6975,1995-10-24,263,울산광역시 남구청,2026-06-23
신정현대홈타운3단지경로당,경로당,울산광역시 남구 수암로129번길 25,울산광역시 남구 신정동 851-21번지 신정현대홈타운3차아파트,35.52950461,129.3223474,영업,052-273-5437,2002-06-12,152,울산광역시 남구청,2026-06-23
영보가든맨션경로당,경로당,울산광역시 남구 두왕로244번길 30,울산광역시 남구 신정동 942-10번지 영보가든,35.52521788,129.3146087,영업,052-258-0221,2006-03-15,32,울산광역시 남구청,2026-06-23
한라백조아파트경로당,경로당,울산광역시 남구 중앙로63번길 16,울산광역시 남구 신정동 872-55번지 한라백조아파트,35.52731753,129.3163025,영업,052-274-2135,2005-12-16,300,울산광역시 남구청,2026-06-23
미소지움아파트경로당,경로당,울산광역시 남구 대암로 26,울산광역시 남구 신정동 1853번지 신성미소지움2단지,35.53023391,129.3191288,영업,052-900-6621,2008-01-14,193,울산광역시 남구청,2026-06-23
신정5동경로당,경로당,울산광역시 남구 돋질로139번길 23,울산광역시 남구 신정동 162-3번지,35.5422761,129.3198886,영업,052-261-2528,1997-02-27,174,울산광역시 남구청,2026-06-23
삼신경로당,경로당,울산광역시 남구 번영로267번길 15,울산광역시 남구 신정동 17-8번지,35.54776198,129.3209932,영업,052-275-7581,2001-11-20,99,울산광역시 남구청,2026-06-23
달동경로당,경로당,울산광역시 남구 중앙로156번길 58,울산광역시 남구 달동 629-5번지,35.53649419,129.320301,영업,052-260-9077,1989-05-13,256,울산광역시 남구청,2026-06-23
동평마을경로당,경로당,울산광역시 남구 번영로163번길 20,울산광역시 남구 달동 575-5번지,35.53923027,129.3239407,영업,052-275-7648,1998-05-13,100,울산광역시 남구청,2026-06-23
주공1단지아파트경로당,경로당,울산광역시 남구 번영로107번길 22,울산광역시 남구 달동 118-3번지 달동주공1차아파트,35.53455049,129.3257603,영업,052-258-1901,1994-11-12,133,울산광역시 남구청,2026-06-23
주공2단지아파트경로당,경로당,울산광역시 남구 번영로107번길 5,울산광역시 남구 달동 119-1번지 달동주공2차아파트,35.53298107,129.3266827,영업,052-275-8332,1997-03-31,125,울산광역시 남구청,2026-06-23
주공3단지아파트경로당,경로당,울산광역시 남구 번영로107번길 13,울산광역시 남구 달동 119-1번지,35.53438006,129.3273233,영업,052-225-8870,1996-02-14,132,울산광역시 남구청,2026-06-23
삼성아파트경로당,경로당,울산광역시 남구 신정로17번길 6,울산광역시 남구 달동 758번지 달동삼성2차아파트,35.53356341,129.3220833,영업,052-265-8084,1997-09-05,55,울산광역시 남구청,2026-06-23
달동2차현대아파트경로당,경로당,울산광역시 남구 삼산로156번길 5-74,울산광역시 남구 달동 118-1번지 현대2차아파트,35.53656314,129.3271498,영업,052-266-7275,1998-03-28,74,울산광역시 남구청,2026-06-23
달동3차현대경로당,경로당,울산광역시 남구 번영로89번길 23,울산광역시 남구 달동 1371-1번지 현대3차아파트,35.53269346,129.3274278,영업,052-955-1555,2000-03-04,81,울산광역시 남구청,2026-06-23
어울림경로당,경로당,울산광역시 남구 도산로77번길 4,울산광역시 남구 달동 775-6번지 어울림,35.53192076,129.3239308,영업,052-268-1160,2004-09-22,49,울산광역시 남구청,2026-06-23
이진빌라경로당,경로당,울산광역시 남구 도산로 9,울산광역시 남구 달동 819-6번지 이진빌라,35.53288758,129.3171324,영업,052-272-1988,2005-10-13,23,울산광역시 남구청,2026-06-23
달동월드메르디앙경로당,경로당,울산광역시 남구 삼산로125번길 33,울산광역시 남구 달동 1411번지 달동월드메르디앙,35.5389802,129.319625,영업,052-267-1292,2010-07-28,41,울산광역시 남구청,2026-06-23
SK아파트경로당,경로당,울산광역시 남구 중앙로128번길 52(달동),울산광역시 남구 달동 809-1번지,35.53393844,129.3206181,영업,052-942-7080,2004-11-23,57,울산광역시 남구청,2026-06-23
가람경로당,경로당,울산광역시 남구 월평로203번길 8,울산광역시 남구 삼산동 1503-3번지,35.54709252,129.3269595,영업,052-258-9349,2002-11-06,105,울산광역시 남구청,2026-06-23
삼산제2경로당,경로당,울산광역시 남구 왕생로82번길 13,울산광역시 남구 달동 1349-12번지,35.54122878,129.3323325,영업,052-258-2332,1996-03-20,191,울산광역시 남구청,2026-06-23
달동현대경로당,경로당,울산광역시 남구 삼산중로 83,울산광역시 남구 달동 1352-5번지 달동현대아파트,35.54077509,129.3350487,영업,052-969-6364,1997-03-31,52,울산광역시 남구청,2026-06-23
삼산선경경로당,경로당,울산광역시 남구 돋질로 262,울산광역시 남구 달동 1330-1번지 삼산선경,35.54338804,129.3351252,영업,052-266-6220,1996-05-21,188,울산광역시 남구청,2026-06-23
평창2차현대경로당,경로당,울산광역시 남구 삼산중로 110,울산광역시 남구 삼산동 1547번지 평창현대2차아파트,35.54342853,129.3363499,영업,052-272-0922,1996-03-20,176,울산광역시 남구청,2026-06-23
삼산현대경로당,경로당,울산광역시 남구 월평로 253,울산광역시 남구 삼산동 1459-1번지 삼산현대,35.54748728,129.3344653,영업,052-268-6175,1991-12-20,76,울산광역시 남구청,2026-06-23
우성경로당,경로당,울산광역시 남구 돋질로261번길 32,울산광역시 남구 삼산동 1461-1번지 우성,35.54505105,129.3338956,영업,052-265-9430,1996-03-09,53,울산광역시 남구청,2026-06-23
삼신현대아파트경로당,경로당,울산광역시 남구 월평로 272,울산광역시 남구 삼산동 1461-3번지 삼신현대,35.54614703,129.3342225,영업,052-260-9188,1992-01-13,69,울산광역시 남구청,2026-06-23
세양청구경로당,경로당,울산광역시 남구 돋질로401번길 12,울산광역시 남구 삼산동 172-1번지 세양청구마을,35.54403968,129.3510492,영업,052-227-0066,1998-05-28,216,울산광역시 남구청,2026-06-23
벽산강변경로당,경로당,울산광역시 남구 화합로 250,울산광역시 남구 삼산동 1529-1번지 벽산강변타운,35.54668346,129.3403017,영업,052-258-7209,1999-10-12,79,울산광역시 남구청,2026-06-23
현대문화1차경로당,경로당,울산광역시 남구 화합로102번길 10,울산광역시 남구 삼산동 1605-3번지 현대문화1차아파트,35.53393375,129.3432048,영업,052-261-3659,1999-04-03,49,울산광역시 남구청,2026-06-23
아데라움경로당,경로당,울산광역시 남구 강남로 348,울산광역시 남구 삼산동 182-1번지 아데라움,35.54595761,129.3455784,영업,052-274-5550,2005-06-21,125,울산광역시 남구청,2026-06-23
삼산본동경로당,경로당,울산광역시 남구 정동로118번길 22,울산광역시 남구 삼산동 180-6번지,35.54401365,129.3469353,영업,052-258-9388,2005-11-02,92,울산광역시 남구청,2026-06-23
100세쉼터경로당,경로당,울산광역시 남구 꽃대나리로51번길 17,울산광역시 남구 달동 1282-22번지,35.53521248,129.335188,영업,,2016-04-26,86,울산광역시 남구청,2026-06-23
달동힐스테이트경로당,경로당,울산광역시 남구 왕생로86번길 43,울산광역시 남구 달동 1330-3번지 현대홈타운스위트2단지,35.5421681,129.3346017,영업,052-275-6799,2019-11-19,47,울산광역시 남구청,2026-06-23
삼호본동경로당,경로당,울산광역시 남구 북부순환도로44번길 24,울산광역시 남구 무거동 157-9번지,35.5512893,129.2704284,영업,052-249-2081,1993-12-02,133,울산광역시 남구청,2026-06-23
새동네경로당,경로당,울산광역시 남구 남부순환도로29번길 13,울산광역시 남구 무거동 1471-12번지,35.54720001,129.2653679,영업,052-223-0664,1998-01-20,238,울산광역시 남구청,2026-06-23
와와경로당,경로당,울산광역시 남구 눌재로 24,울산광역시 남구 무거동 1225번지,35.54982979,129.2788864,영업,052-224-1050,1993-01-05,296,울산광역시 남구청,2026-06-23
소나무경로당,경로당,울산광역시 남구 삼호로 193,울산광역시 남구 무거동 1260-3번지,35.54630538,129.2848408,영업,052-223-3235,2001-07-16,99,울산광역시 남구청,2026-06-23
삼호아파트경로당,경로당,울산광역시 남구 삼호로 64,울산광역시 남구 무거동 1183-1번지 삼호아파트,35.54849773,129.271046,영업,052-249-7671,1989-05-13,73,울산광역시 남구청,2026-06-23
삼호시영아파트경로당,경로당,울산광역시 남구 삼호로 48번길 1,울산광역시 남구 무거동 1448-1번지 삼호시영아파트,35.54925565,129.2698034,영업,052-224-3118,1993-01-05,63,울산광역시 남구청,2026-06-23
굴화주공1단지아파트경로당,경로당,울산광역시 남구 굴화4길 20,울산광역시 남구 무거동 275-1번지 굴화주공1차아파트,35.55451024,129.2624057,영업,052-221-0908,1998-01-20,70,울산광역시 남구청,2026-06-23
굴화주공2-1단지아파트경로당,경로당,울산광역시 남구 굴화4길 22,울산광역시 남구 무거동 276-1번지 굴화주공2차아파트,35.55305902,129.262416,영업,052-221-1163,1998-08-25,65,울산광역시 남구청,2026-06-23
굴화주공2-2단지아파트경로당,경로당,울산광역시 남구 굴화4길 22,울산광역시 남구 무거동 276-1번지 굴화주공2차아파트,35.55305902,129.262416,영업,052-221-0610,2009-11-11,90,울산광역시 남구청,2026-06-23
부성타워맨션경로당,경로당,울산광역시 남구 북부순환도로 43,울산광역시 남구 무거동 220-1번지 부성타워맨션,35.55259654,129.268038,영업,052-277-0211,2010-05-13,29,울산광역시 남구청,2026-06-23
무거위브자이아파트경로당,경로당,울산광역시 남구 북부순환도로 35,울산광역시 남구 무거동 1594번지 무거위브자이아파트,35.55345859,129.2654473,영업,052-247-8822,2014-06-05,150,울산광역시 남구청,2026-06-23
해피경로당,경로당,울산광역시 남구 눌재로 24,울산광역시 남구 무거동 1225번지,35.54982979,129.2788864,영업,052-224-0051,2016-03-31,103,울산광역시 남구청,2026-06-23
신복경로당(신복복지관),경로당,울산광역시 남구 신복로62번길 6-17,울산광역시 남구 무거동 829-10번지,35.55038603,129.2568707,영업,052-277-3063,1989-05-13,258,울산광역시 남구청,2026-06-23
헐수정경로당,경로당,울산광역시 남구 신복로23번길 16,울산광역시 남구 무거동 837번지,35.54738532,129.2585332,영업,052-223-0306,1997-11-26,238,울산광역시 남구청,2026-06-23
무거제1경로당,경로당,울산광역시 남구 옥현로 11,울산광역시 남구 무거동 623-12번지,35.53939376,129.2573716,영업,052-277-3765,1994-02-25,259,울산광역시 남구청,2026-06-23
무거경로당,경로당,울산광역시 남구 신복로36번길 13-3,울산광역시 남구 무거동 820-13번지,35.55010085,129.2591492,영업,052-277-0309,2007-04-12,136,울산광역시 남구청,2026-06-23
옥현1단지경로당,경로당,울산광역시 남구 옥현로 92-13,울산광역시 남구 무거동 477-1번지 울산옥현주공1차아파트,35.54629996,129.263093,영업,052-222-0109,2000-08-17,93,울산광역시 남구청,2026-06-23
옥현2단지경로당,경로당,울산광역시 남구 옥현로 92-12,울산광역시 남구 무거동 478-1번지 울산옥현주공2차아파트,35.54269363,129.2624408,영업,052-222-2929,2000-09-16,117,울산광역시 남구청,2026-06-23
옥현으뜸마을경로당,경로당,울산광역시 남구 문수로75번길 7,울산광역시 남구 무거동 488-13번지,35.53919213,129.2620048,영업,052-942-3450,2002-04-04,239,울산광역시 남구청,2026-06-23
무거현대아파트경로당,경로당,울산광역시 남구 신복로71번길 12,울산광역시 남구 무거동 832-2번지 무거현대아파트,35.54807729,129.2547457,영업,052-222-3704,2011-12-09,65,울산광역시 남구청,2026-06-23
신복현대아파트경로당,경로당,울산광역시 남구 신복로72번길 29,울산광역시 남구 무거동 1553번지 신복현대,35.55151636,129.2532509,영업,052-249-9040,2018-11-05,51,울산광역시 남구청,2026-06-23
옥동경로당,경로당,울산광역시 남구 문수로335번길 9,울산광역시 남구 옥동 587-10번지,35.53608979,129.2902462,영업,052-261-3215,1992-12-03,328,울산광역시 남구청,2026-06-23
서강아파트경로당,경로당,울산광역시 남구 은월로2번길 39,울산광역시 남구 옥동 185번지 서강파크아파트,35.53879154,129.2887678,영업,052-260-0333,1989-12-01,107,울산광역시 남구청,2026-06-23
도성가든경로당,경로당,울산광역시 남구 문수로369번길 59,울산광역시 남구 옥동 1385-4번지 도성타운,35.53948791,129.2970459,영업,052-266-2128,1999-12-06,175,울산광역시 남구청,2026-06-23
현대대륙1차경로당,경로당,울산광역시 남구 거마로22,울산광역시 남구 옥동 157-5번지 대륙현대1차아파트,35.53599007,129.2961771,영업,052-227-5055,1991-03-08,47,울산광역시 남구청,2026-06-23
상아타워경로당,경로당,울산광역시 남구 은월로22,울산광역시 남구 옥동 177-2번지 상아타워맨션,35.5410781,129.292901,영업,052-267-9776,1991-09-05,29,울산광역시 남구청,2026-06-23
대공원현대아파트경로당,경로당,울산광역시 남구 대공원로115번길 10,울산광역시 남구 옥동 129-6번지 동덕현대,35.53040515,129.2958776,영업,052-261-3166,1992-04-07,123,울산광역시 남구청,2026-06-23
한양코아경로당,경로당,울산광역시 남구 문수로335번길 20,울산광역시 남구 옥동 196번지 한양코아,35.53605103,129.2904992,영업,052-267-5223,1993-04-01,78,울산광역시 남구청,2026-06-23
두왕경로당,경로당,울산광역시 남구 남창로3길 23,울산광역시 남구 두왕동 426-6번지,35.49971472,129.3042896,영업,052-266-4140,1995-03-21,118,울산광역시 남구청,2026-06-23
옥동현대아파트경로당,경로당,울산광역시 남구 문수로335번길 54,울산광역시 남구 옥동 182-9번지 옥동현대아파트,35.53983555,129.2908665,영업,052-268-8745,2000-04-11,69,울산광역시 남구청,2026-06-23
옥동서광경로당,경로당,울산광역시 남구 문수로314번길 11,울산광역시 남구 옥동 257번지 옥동서광,35.5344403,129.2877278,영업,052-260-3209,2000-11-29,85,울산광역시 남구청,2026-06-23
그랜드파크경로당,경로당,울산광역시 남구 대공원로99번길 12,울산광역시 남구 옥동 127-1번지 그랜드파크,35.53074191,129.2949205,영업,052-265-4377,2004-02-18,60,울산광역시 남구청,2026-06-23
금오그린경로당,경로당,울산광역시 남구 문수로295번길 4,울산광역시 남구 옥동 281-1번지 금오그린,35.5366936,129.2860835,영업,052-274-9869,2005-03-11,33,울산광역시 남구청,2026-06-23
갈현경로당(갈현마을회관),경로당,울산광역시 남구 신두왕로327,울산광역시 남구 옥동 산219-1번지,35.52372473,129.2884715,영업,,2006-06-30,154,울산광역시 남구청,2026-06-23
도성아파트경로당,경로당,울산광역시 남구 문수로369번길 58,울산광역시 남구 옥동 1386번지 도성타운,35.53764464,129.2965345,영업,052-900-7654,2007-05-07,49,울산광역시 남구청,2026-06-23
테크노두왕경로당,경로당,울산광역시 남구 신두왕로 152,울산광역시 남구 두왕동 611-8번지,35.51318362,129.293958,영업,,2021-12-22,109,울산광역시 남구청,2026-06-23
동성파크아파트경로당,경로당,울산광역시 남구 대공원입구로 14,울산광역시 남구 옥동 142-1번지 동성파크맨션,35.53288831,129.2941055,영업,,2022-01-05,66,울산광역시 남구청,2026-06-23
대공원호반2차아파트경로당,경로당,울산광역시 남구 테크노산업로82번길 52,울산광역시 남구 두왕동 747-2번지 대공원호반베르디움2차,35.51507109,129.2944513,영업,,2023-01-31,129,울산광역시 남구청,2026-06-23
야음경로당,경로당,울산광역시 남구 여천로11,울산광역시 남구 야음동 428-12번지,35.52317903,129.3352751,영업,052-227-3436,2001-10-12,220,울산광역시 남구청,2026-06-23
장생포경로당,경로당,울산광역시 남구 장생포고래로 215,울산광역시 남구 장생포동 41-4번지,35.50301777,129.377619,영업,052-266-1855,1989-05-13,80,울산광역시 남구청,2026-06-23
신화경로당,경로당,울산광역시 남구 여천로80번길15,울산광역시 남구 야음동 174-132번지,35.52313148,129.3419885,영업,052-265-8626,1993-05-17,29,울산광역시 남구청,2026-06-23
삼한힐파크경로당,경로당,울산광역시 남구 수암로274번길15,울산광역시 남구 야음동 383-1번지 삼한힐파크,35.52114867,129.3346792,영업,052-227-9801,2007-08-29,43,울산광역시 남구청,2026-06-23
고래로경로당,경로당,울산광역시 남구 장생포고래로179번길3-1,울산광역시 남구 장생포동 160번지,35.50225627,129.3740568,영업,052-265-7765,1999-11-29,78,울산광역시 남구청,2026-06-23
대현경로당,경로당,울산광역시 남구 수암로196번길 36-1,울산광역시 남구 야음동 863-17번지,35.52352871,129.3289194,영업,052-273-2733,1989-05-13,200,울산광역시 남구청,2026-06-23
복지경로당,경로당,울산광역시 남구 대암로90번길 34,울산광역시 남구 야음동 680-4번지,35.52764934,129.3271351,영업,052-273-0555,1989-05-13,254,울산광역시 남구청,2026-06-23
도산경로당,경로당,울산광역시 남구 신화로15번길 6-7,울산광역시 남구 야음동 489-6번지,35.52950477,129.3329653,영업,052-257-5701,2004-12-27,199,울산광역시 남구청,2026-06-23
우방유화아파트경로당,경로당,울산광역시 남구 꽃대나리로46번길 24,울산광역시 남구 야음동 564-4번지 우방유화맨션,35.5326824,129.3324924,영업,052-261-0973,1992-01-21,63,울산광역시 남구청,2026-06-23
태양한신아파트경로당,경로당,울산광역시 남구 꽃대나리로46번길 29,울산광역시 남구 야음동 564-2번지 태양한신아파트,35.53200812,129.3335132,영업,052-268-7723,1991-09-05,50,울산광역시 남구청,2026-06-23
한라하이타운아파트경로당,경로당,울산광역시 남구 꽃대나리로46번길 7,울산광역시 남구 야음동 538-1번지 한라하이타운,35.53272935,129.3347829,영업,052-273-2299,1996-01-30,99,울산광역시 남구청,2026-06-23
동부아파트경로당,경로당,울산광역시 남구 야음로 24,울산광역시 남구 야음동 789-6번지 동부3차아파트,35.52427774,129.3247422,영업,052-258-0968,1996-10-01,133,울산광역시 남구청,2026-06-23
신선아파트경로당,경로당,울산광역시 남구 야음로 4,울산광역시 남구 야음동 796-17번지 야음신선아파트,35.52253731,129.3248238,영업,052-945-2081,2000-06-12,53,울산광역시 남구청,2026-06-23
현대홈타운1단지경로당,경로당,울산광역시 남구 대암로 81,울산광역시 남구 야음동 594-37번지 신정현대홈타운1차아파트,35.53043597,129.3245348,영업,052-942-5270,2000-12-02,153,울산광역시 남구청,2026-06-23
현대홈타운2단지경로당,경로당,울산광역시 남구 대암로 82,울산광역시 남구 야음동 594-10번지 신정현대홈타운2차아파트,35.5289892,129.3233202,영업,052-269-6489,1980-07-04,153,울산광역시 남구청,2026-06-23
쌍용스윗닷홈경로당,경로당,울산광역시 남구 야음로 33,울산광역시 남구 야음동 789-105번지 쌍용스윗닷홈,35.52551318,129.3230426,영업,052-957-7080,2005-09-22,99,울산광역시 남구청,2026-06-23
삼환나띠르빌아파트경로당,경로당,울산광역시 남구 신화로15번길 4,울산광역시 남구 야음동 489-18번지 삼환나띠르빌,35.52931115,129.3325431,영업,052-271-2777,2019-11-14,20,울산광역시 남구청,2026-06-23
롯데캐슬1단지경로당,경로당,울산광역시 남구 신선로 45,울산광역시 남구 야음동 878번지 롯데캐슬골드1단지,35.52207917,129.3172863,영업,052-265-5645,2009-06-22,161,울산광역시 남구청,2026-06-23
롯데캐슬골드2단지경로당,경로당,울산광역시 남구 신선로 46,울산광역시 남구 야음동 881번지 롯데캐슬골드2단지,35.52097714,129.316684,영업,052-269-3408,2009-06-10,175,울산광역시 남구청,2026-06-23
한라훼미리경로당,경로당,울산광역시 남구 신남로 8-17,울산광역시 남구 야음동 730-6번지 한라훼미리,35.52185106,129.3142397,영업,052-276-5991,1993-01-11,123,울산광역시 남구청,2026-06-23
수암경로당(수암동노인복지회관),경로당,울산광역시 남구 야음로5번길 30,울산광역시 남구 야음동 746-6번지,35.52259697,129.3210322,영업,052-269-8650,1993-12-30,357,울산광역시 남구청,2026-06-23
수암한라에이스빌경로당,경로당,울산광역시 남구 수암로 128번길 24,울산광역시 남구 야음동 701-1번지 수암한라에이스빌,35.52588264,129.3197631,영업,052-266-1275,2009-07-02,48,울산광역시 남구청,2026-06-23
일동미라주아파트경로당,경로당,울산광역시 남구 중앙로 39,울산광역시 남구 야음동 725-1번지 일동미라주,35.52467268,129.3174941,영업,052-266-5799,2007-03-30,76,울산광역시 남구청,2026-06-23
힐스테이트수암1단지아파트경로당,경로당,울산광역시 남구 중앙로47번길 27,울산광역시 남구 야음동 937번지 울산힐스테이트수암1단지,35.52417351,129.3145091,영업,052-257-7730,2020-11-06,55,울산광역시 남구청,2026-06-23
선암경로당,경로당,울산광역시 남구 산업로325번길 29-5,울산광역시 남구 선암동 181-141번지,35.51305975,129.3358679,영업,052-269-5568,1989-05-13,299,울산광역시 남구청,2026-06-23
상개경로당,경로당,울산광역시 남구 산업로85번길 10,울산광역시 남구 상개동 243번지,35.50558292,129.3166638,영업,052-269-8391,1989-05-13,176,울산광역시 남구청,2026-06-23
하개경로당,경로당,울산광역시 남구 두왕로22번길 21,울산광역시 남구 상개동 154-44번지,35.50488531,129.3112073,영업,052-260-3565,2004-07-14,54,울산광역시 남구청,2026-06-23
대나리경로당(대나리문화회관),경로당,울산광역시 남구 두왕로174번길 64,울산광역시 남구 선암동 632-1번지,35.51560245,129.3152953,영업,052-257-3234,2001-08-20,761,울산광역시 남구청,2026-06-23
개운경로당,경로당,울산광역시 남구 두왕로106번길 5-22,울산광역시 남구 선암동 564-23번지,35.51363887,129.3102143,영업,052-258-2508,2016-03-02,158,울산광역시 남구청,2026-06-23
서광아파트경로당,경로당,울산광역시 남구 두왕로 106번길 28-23,울산광역시 남구 선암동 559-12번지 선암동서광,35.51353161,129.3126157,영업,052-266-5171,1997-11-26,138,울산광역시 남구청,2026-06-23
우주아파트경로당,경로당,울산광역시 남구 두왕로 190번길 4,울산광역시 남구 선암동 680-1번지 우주그린가든,35.51932543,129.3121995,영업,052-265-4101,1991-01-19,85,울산광역시 남구청,2026-06-23
한라전원아파트경로당,경로당,울산광역시 남구 두왕로 194,울산광역시 남구 선암동 679-3번지 한라전원,35.52011376,129.3123813,영업,052-265-2294,1989-09-29,37,울산광역시 남구청,2026-06-23
강남파크아파트경로당,경로당,울산광역시 남구 두왕로190번길 50,울산광역시 남구 선암동 626번지 강남파크맨션,35.51711878,129.3159263,영업,052-275-8901,1992-02-20,34,울산광역시 남구청,2026-06-23
삼익세라믹아파트경로당,경로당,울산광역시 남구 두왕로190번길 77,울산광역시 남구 선암동 537-1번지 삼익세라믹,35.5141173,129.317586,영업,052-269-5585,1991-05-09,49,울산광역시 남구청,2026-06-23
신선산휴먼빌아파트경로당,경로당,"울산광역시 남구 두왕로34번길 42, 102동 106호",울산광역시 남구 선암동 589-1번지 신선산휴먼빌 102동 106호,35.50832087,129.3130903,영업,052-276-1030,2022-09-22,105,울산광역시 남구청,2026-06-23
