행정구역,2026년08월_전체,2026년08월_남자,2026년08월_여자,2026년08월_65세이상전체,2026년08월_65세이상남자,2026년08월_65세이상여자
울산광역시  (3100000000),"1,086,373","560,121","526,252","213,882","100,108","113,774"
울산광역시 중구 (3111000000),"202,545","102,325","100,220","46,571","21,100","25,471"
울산광역시 중구 학성동(3111051000),"10,533","5,401","5,132","3,379","1,487","1,892"
울산광역시 중구 반구1동(3111052000),"15,210","7,986","7,224","3,573","1,669","1,904"
울산광역시 중구 반구2동(3111053000),"7,906","4,026","3,880","2,340","1,065","1,275"
울산광역시 중구 복산동(3111055500),"20,921","10,471","10,450","3,607","1,612","1,995"
울산광역시 중구 중앙동(3111058500),"8,875","4,593","4,282","3,033","1,384","1,649"
울산광역시 중구 우정동(3111059000),"18,529","9,200","9,329","4,714","2,075","2,639"
울산광역시 중구 태화동(3111060000),"30,732","15,178","15,554","5,963","2,707","3,256"
울산광역시 중구 다운동(3111061000),"21,272","10,710","10,562","6,125","2,755","3,370"
울산광역시 중구 병영1동(3111062000),"19,799","10,017","9,782","4,842","2,237","2,605"
울산광역시 중구 병영2동(3111063000),"18,693","9,373","9,320","4,041","1,798","2,243"
울산광역시 중구 약사동(3111064000),"10,341","5,199","5,142","1,458",700,758
울산광역시 중구 성안동(3111065000),"19,734","10,171","9,563","3,496","1,611","1,885"
울산광역시 남구 (3114000000),"304,655","156,022","148,633","57,511","26,740","30,771"
울산광역시 남구 신정1동(3114051000),"18,647","9,324","9,323","5,043","2,211","2,832"
울산광역시 남구 신정2동(3114052000),"26,277","13,309","12,968","3,917","1,837","2,080"
울산광역시 남구 신정3동(3114053000),"15,270","7,741","7,529","3,641","1,659","1,982"
울산광역시 남구 신정4동(3114054000),"19,868","9,968","9,900","3,614","1,657","1,957"
울산광역시 남구 신정5동(3114055000),"9,149","4,900","4,249","1,845",873,972
울산광역시 남구 달동(3114056000),"25,629","13,159","12,470","5,434","2,450","2,984"
울산광역시 남구 삼산동(3114057000),"47,053","25,164","21,889","7,118","3,533","3,585"
울산광역시 남구 삼호동(3114058500),"19,603","10,007","9,596","4,475","2,049","2,426"
울산광역시 남구 무거동(3114059500),"30,359","15,729","14,630","4,924","2,289","2,635"
울산광역시 남구 옥동(3114060000),"24,735","12,242","12,493","4,380","2,099","2,281"
울산광역시 남구 대현동(3114062500),"31,761","15,954","15,807","4,873","2,226","2,647"
울산광역시 남구 수암동(3114063500),"15,374","7,648","7,726","2,835","1,345","1,490"
울산광역시 남구 선암동(3114064000),"12,732","6,543","6,189","3,007","1,423","1,584"
울산광역시 남구 야음장생포동(3114067000),"8,198","4,334","3,864","2,405","1,089","1,316"
울산광역시 동구 (3117000000),"147,440","77,264","70,176","31,096","14,723","16,373"
울산광역시 동구 방어동(3117051000),"36,313","19,692","16,621","7,373","3,437","3,936"
울산광역시 동구 일산동(3117052000),"5,038","2,772","2,266","1,615",755,860
울산광역시 동구 화정동(3117053000),"17,452","9,024","8,428","3,825","1,775","2,050"
울산광역시 동구 대송동(3117054000),"10,245","5,430","4,815","2,240","1,109","1,131"
울산광역시 동구 전하1동(3117055000),"15,094","7,804","7,290","3,170","1,504","1,666"
울산광역시 동구 전하2동(3117056000),"18,652","9,490","9,162","3,752","1,842","1,910"
울산광역시 동구 남목1동(3117058000),"7,790","3,979","3,811","2,236","1,028","1,208"
울산광역시 동구 남목2동(3117059000),"26,299","13,709","12,590","4,260","2,051","2,209"
울산광역시 동구 남목3동(3117060000),"10,557","5,364","5,193","2,625","1,222","1,403"
울산광역시 북구 (3120000000),"213,391","111,159","102,232","29,978","14,380","15,598"
울산광역시 북구 농소1동(3120051000),"34,919","17,950","16,969","5,526","2,652","2,874"
울산광역시 북구 농소2동(3120052000),"41,707","21,127","20,580","5,042","2,351","2,691"
울산광역시 북구 농소3동(3120053000),"34,901","17,635","17,266","4,282","1,991","2,291"
울산광역시 북구 강동동(3120054000),"15,829","8,168","7,661","2,661","1,300","1,361"
울산광역시 북구 효문동(3120056000),"28,887","15,785","13,102","4,437","2,192","2,245"
울산광역시 북구 송정동(3120057000),"35,498","17,937","17,561","4,336","2,137","2,199"
울산광역시 북구 양정동(3120058000),"12,069","7,272","4,797","1,588",763,825
울산광역시 북구 염포동(3120059000),"9,581","5,285","4,296","2,106",994,"1,112"
울산광역시 울주군 (3171000000),"218,342","113,351","104,991","48,726","23,165","25,561"
울산광역시 울주군 온산읍(3171025000),"18,330","11,016","7,314","3,690","1,767","1,923"
울산광역시 울주군 언양읍(3171025300),"29,007","14,447","14,560","6,520","3,059","3,461"
울산광역시 울주군 온양읍(3171025600),"28,014","14,686","13,328","5,352","2,561","2,791"
울산광역시 울주군 범서읍(3171025900),"66,879","33,466","33,413","10,211","4,838","5,373"
울산광역시 울주군 청량읍(3171026200),"22,072","11,446","10,626","4,171","2,011","2,160"
울산광역시 울주군 삼남읍(3171026500),"21,925","11,442","10,483","5,484","2,556","2,928"
울산광역시 울주군 서생면(3171031000),"8,333","4,634","3,699","2,778","1,300","1,478"
울산광역시 울주군 웅촌면(3171034000),"7,160","3,654","3,506","2,884","1,358","1,526"
울산광역시 울주군 두동면(3171036000),"4,191","2,165","2,026","1,898",942,956
울산광역시 울주군 두서면(3171037000),"2,879","1,492","1,387","1,578",765,813
울산광역시 울주군 상북면(3171038000),"7,860","3,994","3,866","3,274","1,577","1,697"
울산광역시 울주군 삼동면(3171040000),"1,692",909,783,886,431,455
