"楷飞喊(1)",楷飞喊(2),2026.04,2026.04,2026.04,2026.04,2026.04,2026.04,2026.04,2026.04,2026.04,2026.04,2026.04,2026.04,2026.04,2026.04,2026.04,2026.04,2026.04,2026.04,2026.05,2026.05,2026.05,2026.05,2026.05,2026.05,2026.05,2026.05,2026.05,2026.05,2026.05,2026.05,2026.05,2026.05,2026.05,2026.05,2026.05,2026.05,2026.06,2026.06,2026.06,2026.06,2026.06,2026.06,2026.06,2026.06,2026.06,2026.06,2026.06,2026.06,2026.06,2026.06,2026.06,2026.06,2026.06,2026.06
"楷飞喊(1)",楷飞喊(2),匡魂堡开矫,匡魂堡开矫,匡魂堡开矫,吝备,吝备,吝备,巢备,巢备,巢备,悼备,悼备,悼备,合备,合备,合备,匡林焙,匡林焙,匡林焙,匡魂堡开矫,匡魂堡开矫,匡魂堡开矫,吝备,吝备,吝备,巢备,巢备,巢备,悼备,悼备,悼备,合备,合备,合备,匡林焙,匡林焙,匡林焙,匡魂堡开矫,匡魂堡开矫,匡魂堡开矫,吝备,吝备,吝备,巢备,巢备,巢备,悼备,悼备,悼备,合备,合备,合备,匡林焙,匡林焙,匡林焙
"楷飞喊(1)",楷飞喊(2),拌,巢磊,咯磊,拌,巢磊,咯磊,拌,巢磊,咯磊,拌,巢磊,咯磊,拌,巢磊,咯磊,拌,巢磊,咯磊,拌,巢磊,咯磊,拌,巢磊,咯磊,拌,巢磊,咯磊,拌,巢磊,咯磊,拌,巢磊,咯磊,拌,巢磊,咯磊,拌,巢磊,咯磊,拌,巢磊,咯磊,拌,巢磊,咯磊,拌,巢磊,咯磊,拌,巢磊,咯磊,拌,巢磊,咯磊
"醚牢备荐",家拌,1088041,561115,526926,203339,102781,100558,304457,155973,148484,147925,77483,70442,214026,111502,102524,218294,113376,104918,1087466,560750,526716,203216,102704,100512,304385,155883,148502,147834,77439,70395,213772,111365,102407,218259,113359,104900,1087089,560549,526540,203026,102582,100444,304337,155882,148455,147756,77387,70369,213685,111316,102369,218285,113382,104903
"0~4技",家拌,27112,13873,13239,4631,2410,2221,7412,3839,3573,3248,1646,1602,6743,3470,3273,5078,2508,2570,27131,13922,13209,4632,2418,2214,7447,3869,3578,3238,1639,1599,6734,3470,3264,5080,2526,2554,27190,13915,13275,4617,2399,2218,7521,3907,3614,3219,1620,1599,6717,3456,3261,5116,2533,2583
"0~4技",0技,5715,2924,2791,941,483,458,1654,859,795,675,343,332,1293,661,632,1152,578,574,5780,2963,2817,951,494,457,1682,864,818,686,351,335,1293,656,637,1168,598,570,5877,2999,2878,964,491,473,1709,881,828,687,346,341,1310,666,644,1207,615,592
"0~4技",1技,5360,2732,2628,898,475,423,1443,722,721,676,331,345,1330,713,617,1013,491,522,5374,2754,2620,914,479,435,1438,739,699,664,317,347,1342,726,616,1016,493,523,5423,2798,2625,913,481,432,1503,779,724,653,315,338,1333,724,609,1021,499,522
"0~4技",2技,4933,2487,2446,829,420,409,1320,694,626,571,281,290,1272,647,625,941,445,496,4952,2500,2452,835,426,409,1330,689,641,585,294,291,1253,643,610,949,448,501,5005,2506,2499,844,433,411,1332,684,648,600,289,311,1272,651,621,957,449,508
"0~4技",3技,5266,2727,2539,911,482,429,1395,734,661,632,329,303,1370,694,676,958,488,470,5277,2737,2540,905,471,434,1395,740,655,631,334,297,1388,701,687,958,491,467,5206,2710,2496,888,462,426,1374,726,648,626,336,290,1370,695,675,948,491,457
"0~4技",4技,5838,3003,2835,1052,550,502,1600,830,770,694,362,332,1478,755,723,1014,506,508,5748,2968,2780,1027,548,479,1602,837,765,672,343,329,1458,744,714,989,496,493,5679,2902,2777,1008,532,476,1603,837,766,653,334,319,1432,720,712,983,479,504
"5~9技",家拌,38630,19789,18841,6728,3459,3269,10239,5243,4996,5415,2762,2653,9787,4998,4789,6461,3327,3134,38255,19577,18678,6690,3433,3257,10128,5181,4947,5341,2733,2608,9658,4932,4726,6438,3298,3140,37979,19425,18554,6631,3402,3229,10079,5153,4926,5289,2708,2581,9601,4887,4714,6379,3275,3104
"5~9技",5技,6215,3107,3108,1061,525,536,1755,897,858,761,372,389,1595,781,814,1043,532,511,6198,3081,3117,1080,529,551,1722,881,841,781,381,400,1564,764,800,1051,526,525,6227,3124,3103,1077,529,548,1744,895,849,777,384,393,1572,778,794,1057,538,519
"5~9技",6技,6871,3470,3401,1204,617,587,1828,913,915,946,474,472,1758,908,850,1135,558,577,6799,3424,3375,1172,593,579,1835,914,921,901,452,449,1750,896,854,1141,569,572,6728,3379,3349,1159,578,581,1821,914,907,879,437,442,1724,874,850,1145,576,569
"5~9技",7技,7535,3897,3638,1317,669,648,1996,1015,981,1015,522,493,1909,1009,900,1298,682,616,7480,3876,3604,1310,674,636,1978,999,979,1022,523,499,1899,1019,880,1271,661,610,7396,3847,3549,1297,681,616,1961,996,965,1032,532,500,1872,1004,868,1234,634,600
"5~9技",8技,8378,4358,4020,1495,778,717,2153,1110,1043,1204,624,580,2118,1085,1033,1408,761,647,8310,4315,3995,1488,781,707,2146,1115,1031,1180,607,573,2088,1056,1032,1408,756,652,8285,4262,4023,1480,764,716,2138,1087,1051,1168,592,576,2080,1059,1021,1419,760,659
"5~9技",9技,9631,4957,4674,1651,870,781,2507,1308,1199,1489,770,719,2407,1215,1192,1577,794,783,9468,4881,4587,1640,856,784,2447,1272,1175,1457,770,687,2357,1197,1160,1567,786,781,9343,4813,4530,1618,850,768,2415,1261,1154,1433,763,670,2353,1172,1181,1524,767,757
"10~14技",家拌,55095,28364,26731,9437,4865,4572,14042,7247,6795,8264,4216,4048,13413,6934,6479,9939,5102,4837,55032,28323,26709,9413,4852,4561,14038,7245,6793,8269,4211,4058,13415,6932,6483,9897,5083,4814,54901,28274,26627,9370,4841,4529,14045,7256,6789,8236,4181,4055,13378,6925,6453,9872,5071,4801
"10~14技",10技,10666,5514,5152,1774,920,854,2738,1416,1322,1548,796,752,2799,1454,1345,1807,928,879,10615,5476,5139,1749,909,840,2737,1402,1335,1549,788,761,2799,1456,1343,1781,921,860,10519,5451,5068,1716,888,828,2737,1416,1321,1546,784,762,2775,1465,1310,1745,898,847
"10~14技",11技,10778,5566,5212,1794,920,874,2764,1443,1321,1661,832,829,2673,1375,1298,1886,996,890,10790,5598,5192,1789,917,872,2780,1458,1322,1660,845,815,2688,1390,1298,1873,988,885,10851,5610,5241,1825,926,899,2792,1454,1338,1641,836,805,2683,1388,1295,1910,1006,904
"10~14技",12技,10776,5523,5253,1834,924,910,2777,1439,1338,1620,809,811,2590,1356,1234,1955,995,960,10807,5496,5311,1847,923,924,2800,1451,1349,1634,800,834,2561,1318,1243,1965,1004,961,10864,5558,5306,1854,938,916,2809,1468,1341,1657,818,839,2577,1316,1261,1967,1018,949
"10~14技",13技,11462,5853,5609,1998,1034,964,2902,1461,1441,1716,895,821,2688,1383,1305,2158,1080,1078,11405,5824,5581,2000,1038,962,2871,1451,1420,1704,887,817,2705,1394,1311,2125,1054,1071,11296,5749,5547,1979,1025,954,2867,1447,1420,1673,857,816,2696,1402,1294,2081,1018,1063
"10~14技",14技,11413,5908,5505,2037,1067,970,2861,1488,1373,1719,884,835,2663,1366,1297,2133,1103,1030,11415,5929,5486,2028,1065,963,2850,1483,1367,1722,891,831,2662,1374,1288,2153,1116,1037,11371,5906,5465,1996,1064,932,2840,1471,1369,1719,886,833,2647,1354,1293,2169,1131,1038
"15~19技",家拌,53734,28289,25445,9353,4970,4383,13847,7318,6529,7884,4207,3677,12043,6273,5770,10607,5521,5086,53809,28328,25481,9357,4974,4383,13865,7329,6536,7892,4201,3691,12086,6292,5794,10609,5532,5077,53911,28341,25570,9394,4979,4415,13847,7309,6538,7918,4218,3700,12132,6316,5816,10620,5519,5101
"15~19技",15技,11460,5951,5509,2040,1041,999,2821,1489,1332,1750,937,813,2698,1388,1310,2151,1096,1055,11569,6020,5549,2039,1049,990,2856,1513,1343,1770,949,821,2741,1405,1336,2163,1104,1059,11626,6049,5577,2073,1058,1015,2872,1517,1355,1778,960,818,2746,1414,1332,2157,1100,1057
"15~19技",16技,10591,5589,5002,1841,996,845,2725,1459,1266,1638,848,790,2329,1228,1101,2058,1058,1000,10509,5535,4974,1852,983,869,2690,1439,1251,1630,852,778,2300,1214,1086,2037,1047,990,10590,5558,5032,1849,971,878,2682,1430,1252,1652,865,787,2346,1239,1107,2061,1053,1008
"15~19技",17技,10926,5676,5250,1876,998,878,2824,1447,1377,1579,844,735,2515,1313,1202,2132,1074,1058,10921,5691,5230,1862,1000,862,2843,1459,1384,1591,845,746,2508,1316,1192,2117,1071,1046,10834,5673,5161,1878,1012,866,2822,1468,1354,1572,830,742,2449,1287,1162,2113,1076,1037
"15~19技",18技,11128,5776,5352,1920,1000,920,2867,1522,1345,1584,815,769,2473,1246,1227,2284,1193,1091,11082,5720,5362,1909,994,915,2850,1502,1348,1572,811,761,2469,1242,1227,2282,1171,1111,11078,5716,5362,1880,986,894,2859,1483,1376,1582,825,757,2511,1259,1252,2246,1163,1083
"15~19技",19技,9629,5297,4332,1676,935,741,2610,1401,1209,1333,763,570,2028,1098,930,1982,1100,882,9728,5362,4366,1695,948,747,2626,1416,1210,1329,744,585,2068,1115,953,2010,1139,871,9783,5345,4438,1714,952,762,2612,1411,1201,1334,738,596,2080,1117,963,2043,1127,916
"20~24技",家拌,44630,25413,19217,7421,4277,3144,13544,7647,5897,5797,3225,2572,8323,4839,3484,9545,5425,4120,44277,25188,19089,7349,4224,3125,13464,7583,5881,5764,3229,2535,8219,4763,3456,9481,5389,4092,44183,25166,19017,7325,4212,3113,13377,7542,5835,5788,3255,2533,8232,4777,3455,9461,5380,4081
"20~24技",20技,8750,4937,3813,1415,820,595,2443,1301,1142,1218,712,506,1794,1035,759,1880,1069,811,8807,4944,3863,1433,816,617,2475,1306,1169,1238,731,507,1782,1027,755,1879,1064,815,8850,4997,3853,1439,823,616,2461,1312,1149,1248,732,516,1797,1040,757,1905,1090,815
"20~24技",21技,8514,4953,3561,1436,856,580,2476,1424,1052,1093,641,452,1617,963,654,1892,1069,823,8479,4911,3568,1425,843,582,2465,1415,1050,1097,646,451,1629,966,663,1863,1041,822,8461,4905,3556,1418,839,579,2430,1382,1048,1129,672,457,1633,970,663,1851,1042,809
"20~24技",22技,8901,5035,3866,1471,850,621,2815,1582,1233,1122,642,480,1598,906,692,1895,1055,840,8766,4988,3778,1457,858,599,2751,1547,1204,1103,628,475,1569,893,676,1886,1062,824,8747,4953,3794,1461,857,604,2761,1561,1200,1072,602,470,1571,880,691,1882,1053,829
"20~24技",23技,8657,4924,3733,1410,797,613,2711,1565,1146,1106,593,513,1538,916,622,1892,1053,839,8674,4933,3741,1407,797,610,2744,1580,1164,1103,592,511,1514,913,601,1906,1051,855,8635,4925,3710,1402,797,605,2746,1567,1179,1107,605,502,1494,911,583,1886,1045,841
"20~24技",24技,9808,5564,4244,1689,954,735,3099,1775,1324,1258,637,621,1776,1019,757,1986,1179,807,9551,5412,4139,1627,910,717,3029,1735,1294,1223,632,591,1725,964,761,1947,1171,776,9490,5386,4104,1605,896,709,2979,1720,1259,1232,644,588,1737,976,761,1937,1150,787
"25~29技",家拌,63112,36876,26236,11042,6221,4821,20121,11608,8513,8156,4746,3410,12381,7614,4767,11412,6687,4725,62797,36643,26154,10980,6182,4798,20029,11533,8496,8138,4723,3415,12263,7544,4719,11387,6661,4726,62547,36465,26082,10939,6144,4795,19965,11497,8468,8078,4685,3393,12195,7484,4711,11370,6655,4715
"25~29技",25技,11510,6630,4880,1913,1051,862,3634,2084,1550,1513,836,677,2134,1315,819,2316,1344,972,11421,6597,4824,1893,1051,842,3597,2056,1541,1530,844,686,2123,1325,798,2278,1321,957,11293,6545,4748,1871,1041,830,3560,2044,1516,1503,827,676,2102,1306,796,2257,1327,930
"25~29技",26技,12344,7375,4969,2121,1223,898,3940,2323,1617,1608,952,656,2384,1497,887,2291,1380,911,12298,7283,5015,2118,1208,910,3906,2282,1624,1573,925,648,2366,1470,896,2335,1398,937,12267,7263,5004,2122,1208,914,3928,2298,1630,1554,905,649,2338,1460,878,2325,1392,933
"25~29技",27技,12222,7205,5017,2170,1243,927,3883,2230,1653,1526,897,629,2409,1511,898,2234,1324,910,12133,7164,4969,2124,1214,910,3883,2256,1627,1512,885,627,2400,1504,896,2214,1305,909,12077,7109,4968,2107,1209,898,3859,2223,1636,1506,882,624,2400,1499,901,2205,1296,909
"25~29技",28技,13301,7631,5670,2352,1305,1047,4209,2375,1834,1759,1033,726,2735,1630,1105,2246,1288,958,13256,7649,5607,2364,1325,1039,4196,2367,1829,1781,1053,728,2686,1618,1068,2229,1286,943,13169,7612,5557,2358,1321,1037,4135,2343,1792,1778,1053,725,2654,1598,1056,2244,1297,947
"25~29技",29技,13735,8035,5700,2486,1399,1087,4455,2596,1859,1750,1028,722,2719,1661,1058,2325,1351,974,13689,7950,5739,2481,1384,1097,4447,2572,1875,1742,1016,726,2688,1627,1061,2331,1351,980,13741,7936,5805,2481,1365,1116,4483,2589,1894,1737,1018,719,2701,1621,1080,2339,1343,996
"30~34技",家拌,71246,40237,31009,12843,7079,5764,22878,12927,9951,8212,4839,3373,14846,8397,6449,12467,6995,5472,71214,40250,30964,12837,7088,5749,22910,12956,9954,8213,4836,3377,14810,8384,6426,12444,6986,5458,71166,40299,30867,12769,7067,5702,22968,13001,9967,8231,4856,3375,14777,8388,6389,12421,6987,5434
"30~34技",30技,14315,8195,6120,2556,1434,1122,4576,2568,2008,1763,1046,717,2899,1727,1172,2521,1420,1101,14260,8190,6070,2547,1446,1101,4559,2569,1990,1751,1039,712,2919,1742,1177,2484,1394,1090,14204,8205,5999,2537,1454,1083,4535,2561,1974,1733,1032,701,2921,1755,1166,2478,1403,1075
"30~34技",31技,14115,8106,6009,2546,1438,1108,4551,2590,1961,1628,969,659,2873,1675,1198,2517,1434,1083,14149,8114,6035,2545,1430,1115,4576,2587,1989,1645,981,664,2851,1663,1188,2532,1453,1079,14062,8077,5985,2524,1411,1113,4568,2599,1969,1641,979,662,2818,1654,1164,2511,1434,1077
"30~34技",32技,13971,7951,6020,2555,1424,1131,4551,2589,1962,1528,871,657,2904,1659,1245,2433,1408,1025,13967,7941,6026,2555,1427,1128,4533,2584,1949,1527,871,656,2916,1661,1255,2436,1398,1038,14060,7950,6110,2565,1431,1134,4565,2581,1984,1567,889,678,2924,1645,1279,2439,1404,1035
"30~34技",33技,14514,8155,6359,2604,1429,1175,4721,2699,2022,1624,977,647,3037,1636,1401,2528,1414,1114,14534,8192,6342,2598,1425,1173,4766,2716,2050,1622,979,643,3038,1651,1387,2510,1421,1089,14453,8137,6316,2573,1416,1157,4784,2719,2065,1592,953,639,3003,1639,1364,2501,1410,1091
"30~34技",34技,14331,7830,6501,2582,1354,1228,4479,2481,1998,1669,976,693,3133,1700,1433,2468,1319,1149,14304,7813,6491,2592,1360,1232,4476,2500,1976,1668,966,702,3086,1667,1419,2482,1320,1162,14387,7930,6457,2570,1355,1215,4516,2541,1975,1698,1003,695,3111,1695,1416,2492,1336,1156
"35~39技",家拌,65557,35758,29799,11702,6254,5448,19588,10726,8862,8600,4843,3757,14425,7813,6612,11242,6122,5120,65694,35846,29848,11727,6271,5456,19669,10760,8909,8579,4852,3727,14459,7832,6627,11260,6131,5129,65766,35851,29915,11732,6264,5468,19755,10802,8953,8531,4817,3714,14478,7840,6638,11270,6128,5142
"35~39技",35技,13334,7280,6054,2422,1291,1131,4106,2258,1848,1612,911,701,2896,1555,1341,2298,1265,1033,13457,7340,6117,2455,1312,1143,4173,2275,1898,1619,919,700,2909,1567,1342,2301,1267,1034,13478,7322,6156,2444,1301,1143,4189,2277,1912,1604,912,692,2933,1565,1368,2308,1267,1041
"35~39技",36技,13392,7422,5970,2335,1267,1068,4056,2242,1814,1649,925,724,3008,1683,1325,2344,1305,1039,13350,7391,5959,2312,1261,1051,4015,2219,1796,1636,918,718,3008,1673,1335,2379,1320,1059,13450,7473,5977,2356,1291,1065,4070,2263,1807,1666,928,738,2978,1676,1302,2380,1315,1065
"35~39技",37技,13047,7208,5839,2349,1264,1085,3972,2222,1750,1735,1003,732,2855,1569,1286,2136,1150,986,13029,7222,5807,2358,1261,1097,3977,2227,1750,1700,989,711,2844,1568,1276,2150,1177,973,13062,7184,5878,2345,1249,1096,3968,2198,1770,1669,969,700,2908,1591,1317,2172,1177,995
"35~39技",38技,12709,6855,5854,2329,1234,1095,3717,1975,1742,1693,955,738,2795,1509,1286,2175,1182,993,12775,6891,5884,2346,1251,1095,3759,2002,1757,1717,967,750,2800,1516,1284,2153,1155,998,12688,6881,5807,2336,1238,1098,3749,2015,1734,1707,964,743,2760,1502,1258,2136,1162,974
"35~39技",39技,13075,6993,6082,2267,1198,1069,3737,2029,1708,1911,1049,862,2871,1497,1374,2289,1220,1069,13083,7002,6081,2256,1186,1070,3745,2037,1708,1907,1059,848,2898,1508,1390,2277,1212,1065,13088,6991,6097,2251,1185,1066,3779,2049,1730,1885,1044,841,2899,1506,1393,2274,1207,1067
"40~44技",家拌,79442,41233,38209,13945,7218,6727,21478,11077,10401,12516,6722,5794,17837,8971,8866,13666,7245,6421,78973,41000,37973,13872,7188,6684,21357,11017,10340,12444,6684,5760,17712,8921,8791,13588,7190,6398,78539,40813,37726,13789,7148,6641,21269,10984,10285,12378,6637,5741,17590,8868,8722,13513,7176,6337
"40~44技",40技,13684,7235,6449,2448,1329,1119,3780,1983,1797,2085,1090,995,3050,1579,1471,2321,1254,1067,13674,7230,6444,2453,1339,1114,3790,1980,1810,2065,1086,979,3029,1565,1464,2337,1260,1077,13659,7222,6437,2455,1338,1117,3788,1970,1818,2087,1097,990,3005,1555,1450,2324,1262,1062
"40~44技",41技,13698,7207,6491,2413,1260,1153,3764,1944,1820,2114,1172,942,3057,1590,1467,2350,1241,1109,13654,7182,6472,2415,1260,1155,3733,1931,1802,2134,1171,963,3023,1586,1437,2349,1234,1115,13660,7213,6447,2408,1250,1158,3765,1978,1787,2093,1163,930,3020,1575,1445,2374,1247,1127
"40~44技",42技,15643,8042,7601,2743,1423,1320,4185,2133,2052,2547,1350,1197,3533,1748,1785,2635,1388,1247,15447,7949,7498,2689,1406,1283,4176,2126,2050,2493,1325,1168,3506,1734,1772,2583,1358,1225,15299,7899,7400,2665,1405,1260,4134,2094,2040,2483,1317,1166,3459,1720,1739,2558,1363,1195
"40~44技",43技,17481,8993,8488,2995,1519,1476,4705,2431,2274,2861,1521,1340,3968,1948,2020,2952,1574,1378,17351,8925,8426,2980,1494,1486,4648,2406,2242,2845,1514,1331,3922,1933,1989,2956,1578,1378,17159,8829,8330,2964,1497,1467,4576,2381,2195,2796,1490,1306,3875,1900,1975,2948,1561,1387
"40~44技",44技,18936,9756,9180,3346,1687,1659,5044,2586,2458,2909,1589,1320,4229,2106,2123,3408,1788,1620,18847,9714,9133,3335,1689,1646,5010,2574,2436,2907,1588,1319,4232,2103,2129,3363,1760,1603,18762,9650,9112,3297,1658,1639,5006,2561,2445,2919,1570,1349,4231,2118,2113,3309,1743,1566
"45~49技",家拌,87900,45897,42003,15472,8035,7437,22979,11718,11261,13271,7259,6012,19532,10161,9371,16646,8724,7922,88098,45965,42133,15504,8044,7460,23054,11752,11302,13333,7279,6054,19563,10152,9411,16644,8738,7906,88588,46230,42358,15616,8102,7514,23193,11841,11352,13402,7323,6079,19676,10204,9472,16701,8760,7941
"45~49技",45技,18840,9762,9078,3298,1706,1592,4910,2529,2381,2989,1635,1354,4252,2135,2117,3391,1757,1634,18808,9764,9044,3303,1719,1584,4923,2541,2382,2986,1635,1351,4205,2101,2104,3391,1768,1623,18889,9834,9055,3333,1733,1600,4952,2543,2409,2959,1629,1330,4247,2142,2105,3398,1787,1611
"45~49技",46技,19008,9963,9045,3369,1742,1627,4985,2560,2425,2838,1552,1286,4355,2261,2094,3461,1848,1613,19134,10024,9110,3363,1735,1628,5029,2591,2438,2870,1558,1312,4398,2293,2105,3474,1847,1627,19119,9997,9122,3373,1738,1635,5030,2620,2410,2899,1580,1319,4334,2234,2100,3483,1825,1658
"45~49技",47技,16918,8803,8115,3017,1581,1436,4424,2242,2182,2580,1385,1195,3782,1998,1784,3115,1597,1518,17047,8844,8203,3026,1570,1456,4433,2230,2203,2618,1412,1206,3819,1994,1825,3151,1638,1513,17245,8939,8306,3026,1570,1456,4456,2218,2238,2655,1436,1219,3895,2045,1850,3213,1670,1543
"45~49技",48技,17158,8948,8210,3000,1571,1429,4496,2297,2199,2509,1358,1151,3756,1945,1811,3397,1777,1620,17061,8907,8154,2995,1568,1427,4493,2305,2188,2492,1357,1135,3722,1934,1788,3359,1743,1616,17031,8902,8129,3013,1577,1436,4499,2324,2175,2502,1364,1138,3721,1921,1800,3296,1716,1580
"45~49技",49技,15976,8421,7555,2788,1435,1353,4164,2090,2074,2355,1329,1026,3387,1822,1565,3282,1745,1537,16048,8426,7622,2817,1452,1365,4176,2085,2091,2367,1317,1050,3419,1830,1589,3269,1742,1527,16304,8558,7746,2871,1484,1387,4256,2136,2120,2387,1314,1073,3479,1862,1617,3311,1762,1549
"50~54技",家拌,93725,47026,46699,16920,8402,8518,25943,12461,13482,12128,6604,5524,18230,9144,9086,20504,10415,10089,93020,46739,46281,16784,8359,8425,25692,12360,13332,12040,6562,5478,18156,9121,9035,20348,10337,10011,92435,46456,45979,16685,8310,8375,25429,12228,13201,12036,6565,5471,18045,9071,8974,20240,10282,9958
"50~54技",50技,16903,8490,8413,3009,1483,1526,4480,2152,2328,2367,1261,1106,3492,1817,1675,3555,1777,1778,16756,8493,8263,2967,1461,1506,4452,2171,2281,2336,1259,1077,3471,1823,1648,3530,1779,1751,16479,8375,8104,2903,1429,1474,4370,2127,2243,2313,1254,1059,3421,1798,1623,3472,1767,1705
"50~54技",51技,17871,9107,8764,3105,1563,1542,4828,2330,2498,2456,1396,1060,3593,1830,1763,3889,1988,1901,17865,9088,8777,3123,1583,1540,4820,2310,2510,2459,1393,1066,3602,1834,1768,3861,1968,1893,17695,8989,8706,3089,1567,1522,4726,2260,2466,2450,1388,1062,3568,1818,1750,3862,1956,1906
"50~54技",52技,19333,9498,9835,3477,1704,1773,5339,2518,2821,2528,1331,1197,3749,1851,1898,4240,2094,2146,18885,9316,9569,3403,1670,1733,5159,2437,2722,2480,1319,1161,3663,1822,1841,4180,2068,2112,18866,9364,9502,3402,1690,1712,5171,2440,2731,2485,1329,1156,3680,1853,1827,4128,2052,2076
"50~54技",53技,19312,9751,9561,3572,1827,1745,5499,2642,2857,2371,1290,1081,3620,1788,1832,4250,2204,2046,19525,9826,9699,3601,1824,1777,5545,2672,2873,2414,1298,1116,3676,1812,1864,4289,2220,2069,19504,9776,9728,3572,1795,1777,5547,2669,2878,2430,1298,1132,3680,1809,1871,4275,2205,2070
"50~54技",54技,20306,10180,10126,3757,1825,1932,5797,2819,2978,2406,1326,1080,3776,1858,1918,4570,2352,2218,19989,10016,9973,3690,1821,1869,5716,2770,2946,2351,1293,1058,3744,1830,1914,4488,2302,2186,19891,9952,9939,3719,1829,1890,5615,2732,2883,2358,1296,1062,3696,1793,1903,4503,2302,2201
"55~59技",家拌,102676,51169,51507,19204,9389,9815,29480,14552,14928,11900,6039,5861,19669,9523,10146,22423,11666,10757,102915,51243,51672,19238,9378,9860,29551,14552,14999,11942,6059,5883,19648,9530,10118,22536,11724,10812,103014,51292,51722,19219,9361,9858,29600,14577,15023,11939,6061,5878,19668,9546,10122,22588,11747,10841
"55~59技",55技,20364,10126,10238,3692,1808,1884,5945,2930,3015,2363,1221,1142,3832,1818,2014,4532,2349,2183,20559,10214,10345,3758,1812,1946,5987,2947,3040,2422,1259,1163,3810,1824,1986,4582,2372,2210,20498,10190,10308,3727,1813,1914,6001,2928,3073,2392,1248,1144,3802,1838,1964,4576,2363,2213
"55~59技",56技,20602,10180,10422,3858,1847,2011,5963,2894,3069,2461,1308,1153,3827,1841,1986,4493,2290,2203,20473,10128,10345,3809,1828,1981,5949,2880,3069,2434,1299,1135,3800,1828,1972,4481,2293,2188,20471,10178,10293,3787,1823,1964,5957,2915,3042,2426,1289,1137,3828,1854,1974,4473,2297,2176
"55~59技",57技,21626,10672,10954,4072,1980,2092,6252,3057,3195,2479,1240,1239,4072,1911,2161,4751,2484,2267,21841,10755,11086,4090,1999,2091,6319,3070,3249,2503,1246,1257,4127,1933,2194,4802,2507,2295,21887,10738,11149,4101,1994,2107,6277,3031,3246,2549,1271,1278,4135,1929,2206,4825,2513,2312
"55~59技",58技,20277,10044,10233,3847,1886,1961,5813,2831,2982,2316,1129,1187,3915,1902,2013,4386,2296,2090,20234,10032,10202,3855,1886,1969,5782,2840,2942,2300,1130,1170,3904,1889,2015,4393,2287,2106,20311,10072,10239,3866,1886,1980,5840,2877,2963,2283,1130,1153,3897,1877,2020,4425,2302,2123
"55~59技",59技,19807,10147,9660,3735,1868,1867,5507,2840,2667,2281,1141,1140,4023,2051,1972,4261,2247,2014,19808,10114,9694,3726,1853,1873,5514,2815,2699,2283,1125,1158,4007,2056,1951,4278,2265,2013,19847,10114,9733,3738,1845,1893,5525,2826,2699,2289,1123,1166,4006,2048,1958,4289,2272,2017
"60~64技",家拌,96100,49462,46638,18979,9531,9448,26619,13486,13133,12073,5896,6177,17717,9457,8260,20712,11092,9620,95800,49351,46449,18909,9521,9388,26548,13450,13098,12015,5896,6119,17698,9428,8270,20630,11056,9574,95309,49058,46251,18798,9468,9330,26391,13336,13055,11913,5855,6058,17641,9392,8249,20566,11007,9559
"60~64技",60技,20517,10572,9945,3975,1984,1991,5705,2948,2757,2444,1212,1232,3965,2069,1896,4428,2359,2069,20453,10583,9870,3950,1973,1977,5673,2951,2722,2435,1228,1207,3968,2058,1910,4427,2373,2054,20304,10517,9787,3894,1958,1936,5661,2935,2726,2424,1229,1195,3918,2030,1888,4407,2365,2042
"60~64技",61技,19589,10108,9481,3925,1999,1926,5411,2757,2654,2326,1164,1162,3702,1945,1757,4225,2243,1982,19637,10109,9528,3929,2009,1920,5433,2742,2691,2349,1165,1184,3741,1969,1772,4185,2224,1961,19675,10122,9553,3989,2034,1955,5404,2726,2678,2341,1155,1186,3760,1981,1779,4181,2226,1955
"60~64技",62技,17023,8741,8282,3335,1637,1698,4740,2369,2371,2119,1042,1077,3226,1752,1474,3603,1941,1662,17220,8819,8401,3376,1656,1720,4779,2394,2385,2109,1039,1070,3247,1747,1500,3709,1983,1726,17275,8837,8438,3343,1651,1692,4795,2388,2407,2122,1055,1067,3270,1752,1518,3745,1991,1754
"60~64技",63技,20205,10426,9779,3981,2020,1961,5620,2825,2795,2643,1272,1371,3568,1952,1616,4393,2357,2036,19890,10303,9587,3888,1979,1909,5544,2791,2753,2620,1273,1347,3548,1960,1588,4290,2300,1990,19681,10186,9495,3849,1952,1897,5499,2791,2708,2567,1234,1333,3530,1942,1588,4236,2267,1969
"60~64技",64技,18766,9615,9151,3763,1891,1872,5143,2587,2556,2541,1206,1335,3256,1739,1517,4063,2192,1871,18600,9537,9063,3766,1904,1862,5119,2572,2547,2502,1191,1311,3194,1694,1500,4019,2176,1843,18374,9396,8978,3723,1873,1850,5032,2496,2536,2459,1182,1277,3163,1687,1476,3997,2158,1839
"65~69技",家拌,85242,42328,42914,17618,8435,9183,23189,11261,11928,13013,6246,6767,12877,6730,6147,18545,9656,8889,85890,42608,43282,17729,8477,9252,23327,11324,12003,13075,6248,6827,13055,6819,6236,18704,9740,8964,86475,42959,43516,17851,8564,9287,23489,11421,12068,13140,6270,6870,13178,6886,6292,18817,9818,8999
"65~69技",65技,20667,10255,10412,4181,2028,2153,5607,2752,2855,3011,1351,1660,3406,1805,1601,4462,2319,2143,20981,10373,10608,4233,2039,2194,5684,2798,2886,3026,1353,1673,3492,1847,1645,4546,2336,2210,20926,10437,10489,4219,2059,2160,5657,2818,2839,3008,1339,1669,3503,1861,1642,4539,2360,2179
"65~69技",66技,18258,9090,9168,3661,1754,1907,5014,2408,2606,2812,1363,1449,2875,1489,1386,3896,2076,1820,18248,9115,9133,3659,1764,1895,4966,2404,2562,2832,1354,1478,2897,1508,1389,3894,2085,1809,18685,9287,9398,3781,1816,1965,5112,2454,2658,2891,1378,1513,2945,1526,1419,3956,2113,1843
"65~69技",67技,16614,8338,8276,3457,1664,1793,4506,2174,2332,2555,1275,1280,2423,1291,1132,3673,1934,1739,16784,8408,8376,3495,1676,1819,4583,2186,2397,2534,1275,1259,2460,1307,1153,3712,1964,1748,16948,8493,8455,3497,1677,1820,4622,2219,2403,2551,1275,1276,2529,1345,1184,3749,1977,1772
"65~69技",68技,15447,7647,7800,3170,1546,1624,4221,2038,2183,2475,1223,1252,2198,1128,1070,3383,1712,1671,15580,7691,7889,3170,1541,1629,4254,2048,2206,2541,1256,1285,2230,1137,1093,3385,1709,1676,15564,7697,7867,3194,1558,1636,4211,2029,2182,2540,1266,1274,2211,1134,1077,3408,1710,1698
"65~69技",69技,14256,6998,7258,3149,1443,1706,3841,1889,1952,2160,1034,1126,1975,1017,958,3131,1615,1516,14297,7021,7276,3172,1457,1715,3840,1888,1952,2142,1010,1132,1976,1020,956,3167,1646,1521,14352,7045,7307,3160,1454,1706,3887,1901,1986,2150,1012,1138,1990,1020,970,3165,1658,1507
"70~74技",家拌,55259,26797,28462,12309,5743,6566,15106,7246,7860,8443,4174,4269,7256,3587,3669,12145,6047,6098,55609,26993,28616,12359,5757,6602,15236,7329,7907,8470,4186,4284,7292,3610,3682,12252,6111,6141,55945,27127,28818,12390,5748,6642,15294,7363,7931,8546,4223,4323,7346,3631,3715,12369,6162,6207
"70~74技",70技,13305,6443,6862,2920,1346,1574,3642,1766,1876,2002,976,1026,1806,878,928,2935,1477,1458,13264,6442,6822,2913,1344,1569,3636,1785,1851,2002,980,1022,1807,877,930,2906,1456,1450,13274,6450,6824,2904,1340,1564,3607,1770,1837,2027,989,1038,1795,879,916,2941,1472,1469
"70~74技",71技,13004,6394,6610,2820,1298,1522,3557,1727,1830,1968,966,1002,1750,900,850,2909,1503,1406,13105,6426,6679,2834,1297,1537,3614,1747,1867,1965,956,1009,1754,909,845,2938,1517,1421,13147,6417,6730,2835,1277,1558,3603,1753,1850,1975,958,1017,1773,909,864,2961,1520,1441
"70~74技",72技,10151,4928,5223,2230,1067,1163,2819,1362,1457,1520,761,759,1289,629,660,2293,1109,1184,10216,4931,5285,2245,1061,1184,2818,1355,1463,1526,756,770,1284,625,659,2343,1134,1209,10370,5017,5353,2285,1089,1196,2898,1376,1522,1530,759,771,1314,639,675,2343,1154,1189
"70~74技",73技,10200,4908,5292,2342,1105,1237,2784,1333,1451,1562,752,810,1318,648,670,2194,1070,1124,9952,4796,5156,2269,1077,1192,2736,1300,1436,1516,742,774,1299,642,657,2132,1035,1097,9886,4761,5125,2249,1059,1190,2705,1290,1415,1518,747,771,1278,636,642,2136,1029,1107
"70~74技",74技,8599,4124,4475,1997,927,1070,2304,1058,1246,1391,719,672,1093,532,561,1814,888,926,9072,4398,4674,2098,978,1120,2432,1142,1290,1461,752,709,1148,557,591,1933,969,964,9268,4482,4786,2117,983,1134,2481,1174,1307,1496,770,726,1186,568,618,1988,987,1001
"75~79技",家拌,33687,16069,17618,7750,3543,4207,9177,4315,4862,4903,2485,2418,4262,1997,2265,7595,3729,3866,33904,16160,17744,7809,3564,4245,9216,4328,4888,4953,2513,2440,4305,2026,2279,7621,3729,3892,34063,16243,17820,7863,3596,4267,9256,4333,4923,4973,2525,2448,4333,2044,2289,7638,3745,3893
"75~79技",75技,7529,3677,3852,1704,803,901,2067,966,1101,1123,586,537,931,466,465,1704,856,848,7511,3659,3852,1725,817,908,2049,951,1098,1136,602,534,935,467,468,1666,822,844,7504,3685,3819,1758,847,911,2039,947,1092,1123,593,530,940,478,462,1644,820,824
"75~79技",76技,7253,3504,3749,1706,808,898,1972,941,1031,1071,525,546,908,440,468,1596,790,806,7336,3533,3803,1706,807,899,1989,942,1047,1088,529,559,936,460,476,1617,795,822,7425,3538,3887,1691,788,903,2013,944,1069,1113,536,577,950,464,486,1658,806,852
"75~79技",77技,6986,3329,3657,1621,738,883,1937,922,1015,967,479,488,889,419,470,1572,771,801,6969,3327,3642,1633,742,891,1925,917,1008,966,478,488,863,411,452,1582,779,803,6952,3334,3618,1642,752,890,1935,921,1014,953,485,468,848,398,450,1574,778,796
"75~79技",78技,6442,3038,3404,1460,640,820,1730,821,909,959,495,464,826,352,474,1467,730,737,6505,3044,3461,1465,633,832,1746,829,917,980,494,486,841,359,482,1473,729,744,6494,3026,3468,1465,632,833,1726,820,906,990,492,498,851,368,483,1462,714,748
"75~79技",79技,5477,2521,2956,1259,554,705,1471,665,806,783,400,383,708,320,388,1256,582,674,5583,2597,2986,1280,565,715,1507,689,818,783,410,373,730,329,401,1283,604,679,5688,2660,3028,1307,577,730,1543,701,842,794,419,375,744,336,408,1300,627,673
"80~84技",家拌,19576,8099,11477,4627,1896,2731,5076,2126,2950,2467,1100,1367,2572,1059,1513,4834,1918,2916,19619,8129,11490,4646,1914,2732,5090,2130,2960,2482,1109,1373,2573,1061,1512,4828,1915,2913,19599,8126,11473,4643,1917,2726,5087,2136,2951,2490,1110,1380,2558,1050,1508,4821,1913,2908
"80~84技",80技,3541,1639,1902,816,378,438,941,416,525,512,260,252,445,199,246,827,386,441,3534,1621,1913,806,376,430,943,418,525,522,259,263,436,187,249,827,381,446,3557,1635,1922,794,373,421,952,433,519,524,256,268,441,186,255,846,387,459
"80~84技",81技,4250,1792,2458,1043,432,611,1068,466,602,513,239,274,588,266,322,1038,389,649,4264,1818,2446,1055,446,609,1069,466,603,523,243,280,589,271,318,1028,392,636,4245,1829,2416,1068,457,611,1060,465,595,534,249,285,577,263,314,1006,395,611
"80~84技",82技,3791,1535,2256,893,335,558,996,422,574,494,218,276,479,184,295,929,376,553,3833,1558,2275,913,341,572,1015,430,585,477,217,260,485,190,295,943,380,563,3840,1547,2293,913,331,582,1021,426,595,467,209,258,492,201,291,947,380,567
"80~84技",83技,4459,1789,2670,1030,424,606,1143,466,677,545,229,316,604,239,365,1137,431,706,4387,1758,2629,1015,425,590,1123,451,672,544,228,316,585,232,353,1120,422,698,4305,1723,2582,1001,427,574,1083,433,650,552,237,315,567,216,351,1102,410,692
"80~84技",84技,3535,1344,2191,845,327,518,928,356,572,403,154,249,456,171,285,903,336,567,3601,1374,2227,857,326,531,940,365,575,416,162,254,478,181,297,910,340,570,3652,1392,2260,867,329,538,971,379,592,413,159,254,481,184,297,920,341,579
"85~89技",家拌,10593,3419,7174,2409,831,1578,2639,904,1735,1159,382,777,1418,413,1005,2968,889,2079,10679,3474,7205,2414,834,1580,2666,917,1749,1169,388,781,1423,424,999,3007,911,2096,10746,3501,7245,2432,835,1597,2676,925,1751,1175,388,787,1439,430,1009,3024,923,2101
"85~89技",85技,2713,984,1729,606,221,385,684,279,405,325,119,206,347,119,228,751,246,505,2758,1009,1749,619,228,391,690,280,410,332,122,210,354,124,230,763,255,508,2827,1031,1796,638,232,406,694,278,416,348,128,220,360,124,236,787,269,518
"85~89技",86技,2565,847,1718,606,214,392,659,220,439,289,106,183,317,96,221,694,211,483,2561,848,1713,606,216,390,650,218,432,286,104,182,319,98,221,700,212,488,2543,853,1690,589,210,379,659,226,433,282,102,180,318,105,213,695,210,485
"85~89技",87技,2097,702,1395,484,178,306,507,169,338,221,82,139,283,89,194,602,184,418,2135,707,1428,486,170,316,518,174,344,224,85,139,293,92,201,614,186,428,2172,715,1457,503,177,326,522,180,342,221,81,140,306,93,213,620,184,436
"85~89技",88技,1734,485,1249,360,110,250,438,133,305,182,46,136,231,65,166,523,131,392,1732,496,1236,363,112,251,445,136,309,188,51,137,218,61,157,518,136,382,1714,481,1233,363,107,256,434,126,308,184,51,133,221,57,164,512,140,372
"85~89技",89技,1484,401,1083,353,108,245,351,103,248,142,29,113,240,44,196,398,117,281,1493,414,1079,340,108,232,363,109,254,139,26,113,239,49,190,412,122,290,1490,421,1069,339,109,230,367,115,252,140,26,114,234,51,183,410,120,290
"90~94技",家拌,3875,889,2986,792,205,587,918,241,677,398,84,314,549,101,448,1218,258,960,3893,881,3012,807,208,599,918,237,681,397,82,315,553,102,451,1218,252,966,3884,879,3005,802,207,595,920,240,680,394,82,312,554,99,455,1214,251,963
"90~94技",90技,1173,277,896,258,74,184,271,71,200,122,27,95,169,29,140,353,76,277,1173,270,903,270,73,197,271,72,199,124,27,97,171,28,143,337,70,267,1158,263,895,266,70,196,264,71,193,121,25,96,177,28,149,330,69,261
"90~94技",91技,997,244,753,166,49,117,256,71,185,91,15,76,153,35,118,331,74,257,1005,239,766,173,54,119,255,65,190,92,13,79,151,34,117,334,73,261,1005,246,759,177,58,119,257,67,190,96,16,80,150,33,117,325,72,253
"90~94技",92技,763,186,577,166,39,127,192,49,143,94,25,69,102,21,81,209,52,157,763,191,572,157,37,120,186,51,135,93,26,67,112,25,87,215,52,163,774,186,588,160,35,125,192,52,140,91,25,66,104,23,81,227,51,176
"90~94技",93技,543,106,437,110,23,87,121,27,94,55,12,43,72,11,61,185,33,152,551,107,444,113,22,91,127,29,98,55,11,44,68,12,56,188,33,155,545,107,438,109,23,86,125,27,98,50,11,39,71,11,60,190,35,155
"90~94技",94技,399,76,323,92,20,72,78,23,55,36,5,31,53,5,48,140,23,117,401,74,327,94,22,72,79,20,59,33,5,28,51,3,48,144,24,120,402,77,325,90,21,69,82,23,59,36,5,31,52,4,48,142,24,118
"95~99技",家拌,749,117,632,141,16,125,155,28,127,63,8,55,132,18,114,258,47,211,756,119,637,145,16,129,153,28,125,64,9,55,136,19,117,258,47,211,748,119,629,148,17,131,147,28,119,64,8,56,133,19,114,256,47,209
"95~99技",95技,267,49,218,50,6,44,58,13,45,22,2,20,44,4,40,93,24,69,274,49,225,51,5,46,59,13,46,20,3,17,50,6,44,94,22,72,269,49,220,55,6,49,55,13,42,21,2,19,44,6,38,94,22,72
"95~99技",96技,194,27,167,32,3,29,39,7,32,14,2,12,39,5,34,70,10,60,190,29,161,31,3,28,36,9,27,19,2,17,38,5,33,66,10,56,196,28,168,32,3,29,36,9,27,19,2,17,43,5,38,66,9,57
"95~99技",97技,134,19,115,33,4,29,30,4,26,12,2,10,19,3,16,40,6,34,139,19,120,37,5,32,30,3,27,10,2,8,19,2,17,43,7,36,133,20,113,34,5,29,30,3,27,9,2,7,17,2,15,43,8,35
"95~99技",98技,84,12,72,13,1,12,14,2,12,7,1,6,17,3,14,33,5,28,81,12,69,12,1,11,14,2,12,8,1,7,16,2,14,31,6,25,81,12,69,14,1,13,14,2,12,8,1,7,16,2,14,29,6,23
"95~99技",99技,70,10,60,13,2,11,14,2,12,8,1,7,13,3,10,22,2,20,72,10,62,14,2,12,14,1,13,7,1,6,13,4,9,24,2,22,69,10,59,13,2,11,12,1,11,7,1,6,13,4,9,24,2,22
"100技 捞惑",家拌,101,11,90,16,2,14,27,3,24,15,0,15,14,3,11,29,3,26,101,11,90,15,2,13,27,3,24,16,0,16,14,3,11,29,3,26,101,10,91,13,1,12,29,3,26,16,0,16,14,3,11,29,3,26
