분류,시설명,주소
노인복지관,동구노인복지관,명덕6길 33 (서부동)
노인복지관,동구노인복지관 전하분관,진성12길 120 (전하동)
노인복지관,방어진노인복지관,꽃바위로 356 (방어동)
노인복지관,남목노인복지관,안산들로 55 (서부동)
경로당,꽃바위아파트경로당,화잠9길 45
경로당,대왕암엘크루경로당,등대4길 26
경로당,동진경로당,동진5길 15
경로당,문현I-park경로당,문현6길 19
경로당,문현지구경로당,문재3길 50
경로당,방어진경로당,꽃바위로 356
경로당,방어휴먼시아경로당,등대4길 25
경로당,복지회관경로당,봉수로 24
경로당,상진경로당,상진1길 23
경로당,서진경로당,서진2길 7
경로당,우진임대경로당,문재3길 34
경로당,현대비치경로당,화문로 70
경로당,화암경로당,화암7길 6
경로당,번덕경로당,번덕8길 93
경로당,일산경로당,일산진7길 8
경로당,엠코타운경로당,화진길 100
경로당,월봉경로당,월봉로 78-1
경로당,현대 파라다이스경로당,봉수로 110
경로당,화정주공경로당,월봉10길 14
경로당,금강아파트경로당,봉수로 170
경로당,대송경로당,대송4길 34
경로당,대송현대1차경로당,대송2길 10
경로당,대송현대2차경로당,대송3길 10
경로당,녹수경로당,녹수4길 12
경로당,농청경로당,바드래길 80-6
경로당,늘푸른경로당,산록길 68
경로당,대경넥스빌경로당,바드래길 110
경로당,산록회관경로당,산록9길 20
경로당,삼전아이필경로당,바드래길 115
경로당,전하패밀리경로당,녹수11길 50
경로당,현대홈타운경로당,봉수로 370
경로당,e편한세상경로당,봉수로 290
경로당,산생경로당,봉수로 267
경로당,산성경로당,진성5길 56-2
경로당,전하경로당,진성12길 130
경로당,전하푸르지오경로당,봉수로 250
경로당,진성골경로당,진성10길 55
경로당,목화아파트경로당,남목11길 20
경로당,미포복지경로당,방어진순환도로 1145
경로당,미포새마을경로당,미포1길 46-33
경로당,벽산유토피아경로당,옥류로 92
경로당,서부경로당,남목5길 16
경로당,서영골든타워경로당,남목11길 25
경로당,큰골경로당,남목10길 22
경로당,명덕경로당,명덕6길 33
경로당,서부성원상떼빌경로당,봉수로 450
경로당,한아름경로당,방어진순환도로 1045
경로당,현대명덕1차경로당,명덕로 30
경로당,현대명덕2차경로당,명덕로 70
경로당,현대서부1차경로당,방어진순환도로 995
경로당,현대서부2차경로당,방어진순환도로 999
경로당,남목경로당,남목16길 13-3
경로당,동부패밀리경로당,안산로 50-1
경로당,쇠평경로당,쇠평길 120
경로당,신안파크경로당,남목12길 39
경로당,아성경로당,남목13길 22
경로당,영진청구경로당,남목21길 18
경로당,주전경로당,새싹길 23-1
경로당,한라오로라경로당,동해안로 98
경로당,현대파크경로당,남목13길 38
노인교실,(사)대한노인회동구지회부설 노인교실,울산광역시 동구 봉수로 24 (방어동)
노인교실,방어진제일건강대학,울산광역시 동구 북진5길 15 (방어동)
노인교실,무지개 청춘교실,울산광역시 동구 월봉10길 79 (방어동)
