"행정구역","2026년08월_전체","2026년08월_남자","2026년08월_여자","2026년08월_65세이상전체","2026년08월_65세이상남자","2026년08월_65세이상여자"
"울산광역시 남구 (3114000000)","304,655","156,022","148,633","57,511","26,740","30,771"
"울산광역시 남구 신정1동(3114051000)","18,647","9,324","9,323","5,043","2,211","2,832"
"울산광역시 남구 신정2동(3114052000)","26,277","13,309","12,968","3,917","1,837","2,080"
"울산광역시 남구 신정3동(3114053000)","15,270","7,741","7,529","3,641","1,659","1,982"
"울산광역시 남구 신정4동(3114054000)","19,868","9,968","9,900","3,614","1,657","1,957"
"울산광역시 남구 신정5동(3114055000)","9,149","4,900","4,249","1,845","873","972"
"울산광역시 남구 달동(3114056000)","25,629","13,159","12,470","5,434","2,450","2,984"
"울산광역시 남구 삼산동(3114057000)","47,053","25,164","21,889","7,118","3,533","3,585"
"울산광역시 남구 삼호동(3114058500)","19,603","10,007","9,596","4,475","2,049","2,426"
"울산광역시 남구 무거동(3114059500)","30,359","15,729","14,630","4,924","2,289","2,635"
"울산광역시 남구 옥동(3114060000)","24,735","12,242","12,493","4,380","2,099","2,281"
"울산광역시 남구 대현동(3114062500)","31,761","15,954","15,807","4,873","2,226","2,647"
"울산광역시 남구 수암동(3114063500)","15,374","7,648","7,726","2,835","1,345","1,490"
"울산광역시 남구 선암동(3114064000)","12,732","6,543","6,189","3,007","1,423","1,584"
"울산광역시 남구 야음장생포동(3114067000)","8,198","4,334","3,864","2,405","1,089","1,316"
